Bond_1,Bond_2,Last,Avg,vs Avg,Z Score,Percentile,cusip_1,cusip_2
ENBCN 6 11/15/28,ENBCN 4.21 02/22/30,-13.477036519999999,-25.97095895210811,12.49392243210811,3.1053682260798197,100.0,29250NBX2,29251ZCC9
TCN 3.4 05/13/32,TCN 2.85 11/13/31,32.07294082999999,9.723148428918918,22.349792401081075,3.0245904931635117,99.45945945945947,87971MBW2,87971MBV4
TCN 3.4 05/13/32,TCN 4.65 08/13/31,14.670629340000005,-7.121073296702702,21.79170263670271,2.8333848779879878,96.75675675675676,87971MBW2,87971MCH4
TCN 3.4 05/13/32,TCN 5  09/08/33,-4.896675520000002,-24.522896414972973,19.62622089497297,2.8294614453990268,100.0,87971MBW2,87971MCC5
ENBCN 6 11/15/28,ENBCN 3.9 02/25/30,-15.3186726,-26.76665433681081,11.44798173681081,2.8064021216479165,98.91891891891892,29250NBX2,29251ZCG0
TCN 3.4 05/13/32,TCN 4.95 03/28/33,-1.1822913099999965,-20.130574327297296,18.9482830172973,2.7816227257484107,97.2972972972973,87971MBW2,87971MCA9
TCN 3.4 05/13/32,TCN 4.95 02/18/31,16.685814899999997,-4.0488442876216215,20.734659187621617,2.7773791687839404,96.75675675675676,87971MBW2,87971MCF8
TCN 3.4 05/13/32,TCN 5.1 02/15/34,-6.928241909999997,-26.446104939405405,19.517863029405408,2.756597260810553,98.91891891891892,87971MBW2,87971MCG6
CNRCN 4.4 08/05/52,CNRCN 5.1 05/02/54,-28.985348610000003,-42.59153297902702,13.60618436902702,2.755364671120339,100.0,136375DB5,136375DM1
TCN 3.4 05/13/32,TCN 5  11/15/32,2.553124479999994,-16.681930420054055,19.23505490005405,2.751975666129984,96.75675675675676,87971MBW2,87971MBX0
TCN 3.4 05/13/32,TCN 5.6 09/09/30,21.406731980000004,2.278896017783784,19.12783596221622,2.6725459861856167,96.75675675675676,87971MBW2,87971MCB7
RCICN 4.55 03/15/52,RCICN 5  04/15/52,-18.75349509,-39.02351256918919,20.270017479189185,2.670534730757612,97.2972972972973,775109CD1,775109BX8
CNRCN 4.4 08/05/52,CNRCN 4.7 05/10/53,-29.04343372000001,-42.76610645627027,13.722672736270262,2.6144035712399614,100.0,136375DB5,136375DG4
VZ 3.55 03/22/51,VZ 4.05 03/22/51,-47.500461920000006,-65.75349368297297,18.253031762972967,2.4668780335391554,99.45945945945947,92343VGB4,92343VGA6
TD 4.994 04/05/29,TD 5.491 09/08/28,5.441464060000001,-0.991610236756757,6.433074296756758,2.2789760540331803,100.0,89115A2Y7,89117GX51
TD 4.994 04/05/29,TD 4.002 10/31/30,-6.871390509999998,-13.431216007027027,6.559825497027029,2.180790196461722,98.91891891891892,89115A2Y7,89116CST5
BNS 2.15 08/01/31,BNS 3.836 09/26/30,-0.9145975200000009,-10.300261782864867,9.385664262864866,2.1718599532474943,97.2972972972973,0641594B9,06418MM43
TD 2.45 01/12/32,TD 4.133 01/09/33,-9.87074398,-17.17915834356757,7.308414363567568,2.1294718176658667,97.2972972972973,89114TZQ8,89116CWY9
TD 4.994 04/05/29,TD 4.68 01/08/29,3.563194899999999,-3.7062292881081076,7.269424188108107,2.127875013521263,98.91891891891892,89115A2Y7,89117GRJ8
ENBCN 5  04/05/34,ENBCN 3.1 09/21/33,13.334159999999997,2.792355088918919,10.541804911081078,2.1064501046261683,100.0,29250NCC7,29251ZBU0
BMO 5.717 09/25/28,BMO 4.42 07/17/29,-6.828545079999998,-15.240528027189189,8.411982947189191,2.0998120003431886,98.91891891891892,06368LWU6,06368L5G7
TD 5.156 01/10/28,TD 5.491 09/08/28,-3.525129419999999,-9.69316480027027,6.168035380270272,2.0989665763958922,97.83783783783784,89115A2M3,89117GX51
BNS 5.65 02/01/34,BNS 4.442 11/15/35,-11.823084629999997,-19.294092028864867,7.47100739886487,2.077894889846827,96.21621621621622,06418JAC5,06418MZ49
BNS 2.15 08/01/31,BNS 3.734 06/27/31,-6.966138099999995,-17.482510201513513,10.516372101513518,2.057115628479315,94.05405405405406,0641594B9,06418YXB9
BNS 5  06/12/28,BNS 3.836 09/26/30,-22.07830973,-30.72859728113514,8.65028755113514,2.041024829809871,99.45945945945947,06418GAD9,06418MM43
F 2.9 02/10/29,F 5.242 05/23/28,7.991544400000009,-15.443665680108108,23.435210080108117,2.0384699268130557,100.0,345397B93,34527ACY4
BNS 5  06/12/28,BNS 4.68 02/01/29,-11.137870389999996,-21.08979926183784,9.951928871837843,2.026485540215207,96.21621621621622,06418GAD9,064164QM1
BMO 4.64 09/10/30,BMO 4.42 07/17/29,11.71202884000001,-0.6912773544864861,12.403306194486495,2.025283992765953,96.75675675675676,06368L8L3,06368L5G7
BMO 4.64 09/10/30,BMO 5.039 05/29/28,15.958414170000005,6.293816056216217,9.664598113783788,2.011225658982767,97.2972972972973,06368L8L3,06368LNK8
RY 4.965 01/24/29,RY 4 10/17/30,-3.8995669399999997,-10.91339172535135,7.01382478535135,2.007690990316103,98.37837837837839,78017DAA6,779926DJ0
BMO 4.64 09/10/30,BMO 4.537 12/18/28,13.443928060000005,3.1173241753513525,10.326603884648652,1.9806158308929875,97.83783783783784,06368L8L3,06368LB88
TD 5.156 01/10/28,TD 4.68 01/08/29,-5.403398580000001,-12.40778385162162,7.004385271621619,1.97459087845177,96.75675675675676,89115A2M3,89117GRJ8
TD 5.156 01/10/28,TD 4.002 10/31/30,-15.837983989999998,-22.13277057054054,6.294786580540542,1.9682767649903032,95.67567567567568,89115A2M3,89116CST5
F 5.8 03/08/29,F 5.242 05/23/28,7.054100169999998,-13.407462856702704,20.461563026702702,1.9322177299803065,99.45945945945947,345397E58,34527ACY4
BNS 4.85 02/01/30,BNS 3.836 09/26/30,-3.253378160000004,-11.639708862864865,8.38633070286486,1.9128804111122188,95.67567567567568,06417XAP6,06418MM43
ENBCN 5.3 04/05/29,ENBCN 4.21 02/22/30,-5.138628069999996,-14.020284979405403,8.881656909405407,1.9104045322466903,95.13513513513514,29250NCB9,29251ZCC9
ENBCN 6 11/15/28,ENBCN 3.55 02/25/28,-1.1359773999999945,-7.805768766864865,6.669791366864871,1.9044711670769776,98.37837837837839,29250NBX2,29251ZCF2
BMO 5.717 09/25/28,BMO 4.537 12/18/28,-5.096645860000002,-11.431926497351352,6.3352806373513495,1.90201157810603,96.21621621621622,06368LWU6,06368LB88
PLD 1  02/01/31,PLD 4.7 03/01/29,1.128721739999996,-7.9706738503243235,9.09939559032432,1.8540132530905795,98.37837837837839,74340XCA7,74340XCL3
DTRGR 5  01/13/30,DTRGR 5.77 09/25/28,20.414983070000005,12.280735688324325,8.13424738167568,1.8500378316806716,95.13513513513514,233853BD1,233852AH5
F 6.8 05/12/28,F 5.242 05/23/28,-8.008620890000003,-31.61805125281081,23.60943036281081,1.8463944677236883,98.91891891891892,345397C92,34527ACY4
BNS 4.85 02/01/30,BNS 4.68 02/01/29,7.687061180000001,-2.000910843567567,9.687972023567568,1.8429504196677002,95.13513513513514,06417XAP6,064164QM1
ENBCN 6 11/15/28,ENBCN 4.9 05/26/28,-3.0907833499999953,-10.294698708756757,7.2039153587567615,1.8401000832861927,97.83783783783784,29250NBX2,29251ZCA3
F 2.9 02/10/29,F 4.222 01/10/28,19.194256180000025,-2.8750591030270285,22.069315283027052,1.8281001088682465,96.21621621621622,345397B93,34527ADB3
BNS 4.85 02/01/30,BNS 3.734 06/27/31,-9.304918739999998,-18.821957281513512,9.517038541513514,1.8264717870527143,93.51351351351352,06417XAP6,06418YXB9
BCECN 2.15 02/15/32,BCECN 3 03/17/31,8.865285670000006,0.9994223810810815,7.865863288918924,1.8183983283535783,96.21621621621622,0778FPAG4,07813ZCG7
ENBCN 6.7 11/15/53,ENBCN 5.32 08/22/54,-24.159478490000012,-33.89808415675676,9.738605666756747,1.8131019179476504,97.83783783783784,29250NBZ7,29251ZCE5
F 2.9 02/10/29,F 6.382 11/10/28,-6.313333929999999,-27.645216824972973,21.331882894972974,1.7859417910666782,95.67567567567568,345397B93,34527ACP3
F 6.05 03/05/31,F 5.046 01/09/32,-34.13619244,-52.54079709827026,18.40460465827026,1.7797744590685898,92.97297297297298,345397E25,34527ADC1
BMO 5.717 09/25/28,BMO 5.039 05/29/28,-2.5821597500000024,-8.255434616486486,5.673274866486484,1.7791083557344942,98.37837837837839,06368LWU6,06368LNK8
DTRGR 5  01/13/30,DTRGR 4.54 09/27/29,13.036929230000013,2.492373623027028,10.544555606972985,1.768510311285446,94.5945945945946,233853BD1,233852AK8
F 6.798 11/07/28,F 5.242 05/23/28,-1.914952200000016,-24.625216343135136,22.71026414313512,1.762539792758787,95.67567567567568,345397D59,34527ACY4
MCD 5 05/17/29,MCD 4.857 05/21/31,-25.55733041,-33.711933599243245,8.154603189243247,1.7562350473954953,95.67567567567568,58013MFX7,580135CF6
DTRGR 5  09/25/29,DTRGR 4.54 09/27/29,4.888880280000009,-2.682815837837838,7.571696117837847,1.733548221854175,93.51351351351352,233853AZ3,233852AK8
BNCN 2.724 04/15/31,BNCN 5.431 12/14/32,-26.36900587999999,-37.97150863594594,11.602502755945949,1.7161924071958428,97.2972972972973,11271LAH5,11271ZAA9
RY 4.965 01/24/29,RY 3.626 12/10/28,6.979304259999999,1.1106544300540546,5.868649829945944,1.7136395159874453,97.2972972972973,78017DAA6,779926FY5
MGCN 5.05 03/14/29,MGCN 4.95 01/31/31,-35.589037659999995,-44.15654747335135,8.567509813351357,1.7123375235941927,97.83783783783784,559222BA1,559222AW4
F 6.05 03/05/31,F 5.441 02/09/29,1.439813149999992,-17.154641464594594,18.594454614594586,1.711656596332785,90.81081081081082,345397E25,34527ACT5
ENBCN 5.3 04/05/29,ENBCN 3.9 02/25/30,-6.9802641499999964,-14.815980364108109,7.835716214108112,1.7057946367280339,92.43243243243244,29250NCB9,29251ZCG0
MGCN 5.05 03/14/29,MGCN 4.8 05/30/29,-18.8873616,-28.656615551027027,9.769253951027029,1.7027682314310246,96.75675675675676,559222BA1,559222BB9
F 5.8 03/08/29,F 4.222 01/10/28,18.256811950000014,-0.8388562796216228,19.095668229621637,1.702563031167594,95.13513513513514,345397E58,34527ADB3
F 6.05 03/05/31,F 5.668 02/20/30,-14.46386203999998,-32.30621737118919,17.84235533118921,1.6834263182948708,92.43243243243244,345397E25,34527ACS7
F 6.05 03/05/31,F 5.582 05/23/31,-29.780018119999994,-46.405783150594594,16.6257650305946,1.6787109982314028,93.51351351351352,345397E25,34527ACX6
F 5.8 03/08/29,F 6.382 11/10/28,-7.25077816000001,-25.60901400156757,18.35823584156756,1.6758334773900825,94.05405405405406,345397E58,34527ACP3
F 6.8 05/12/28,F 4.222 01/10/28,3.1940908900000125,-19.04944467572973,22.243535565729744,1.6713474056969861,96.75675675675676,345397C92,34527ADB3
ENBCN 6.7 11/15/53,ENBCN 5.76 05/26/53,-24.715417619999997,-33.638517852972974,8.923100232972978,1.6648935790757116,96.75675675675676,29250NBZ7,29251ZCB1
RY 5 02/01/33,RY 4.464 10/17/35,-23.63282128,-30.214006372432433,6.581185092432431,1.6589554790737115,94.5945945945946,78016FZX5,779926DK7
F 6.05 03/05/31,F 4.792 09/12/29,-6.553612479999998,-24.01910334340541,17.46549086340541,1.6554459513096003,90.81081081081082,345397E25,34527ADA5
FFHCN 3  03/03/31,FFHCN 3.95 03/03/31,10.303615609999994,0.025361615729729226,10.278253994270266,1.6500334613984555,96.21621621621622,303901BJ0,303901BG6
F 6.8 05/12/28,F 6.382 11/10/28,-22.31349922000001,-43.81960239767567,21.506103177675662,1.645092699507528,94.5945945945946,345397C92,34527ACP3
TD 4.994 04/05/29,TD 4.477 01/18/28,9.190455220000004,4.641611740810811,4.548843479189193,1.644824622094092,96.21621621621622,89115A2Y7,89117GTQ0
CNRCN 6  11/01/53,CNRCN 5.1 05/02/54,-34.12820739,-40.86510960664865,6.736902216648652,1.6418260310375623,90.27027027027027,136375DJ8,136375DM1
ENBCN 3.4 08/01/51,ENBCN 5.76 05/26/53,-36.235431369999986,-44.10103728491892,7.86560591491893,1.6397960033626247,91.8918918918919,29250NBE4,29251ZCB1
BCECN 2.15 02/15/32,BCECN 5.85 11/10/32,-13.648773820000002,-20.295284040864864,6.646510220864862,1.6370527390908904,94.05405405405406,0778FPAG4,07813ZCK8
DTRGR 5.4 09/20/28,DTRGR 4.54 09/27/29,-1.3285318299999886,-8.970225906864863,7.641694076864875,1.6356954497762208,97.2972972972973,233853AT7,233852AK8
SOBOCN 5.584 10/01/34,SOBOCN 4.933 02/01/35,24.463227379999978,15.308622412162165,9.154604967837813,1.6296766864808454,94.5945945945946,83007CAE2,836720AC6
TOYOTA 5.05 05/16/29,TOYOTA 4.46 03/19/29,-8.199394089999998,-13.891485650648647,5.692091560648649,1.6158137905604522,92.97297297297298,89236TMF9,892329BV4
ENBCN 6.7 11/15/53,ENBCN 4.1 09/21/51,-24.135509319999997,-33.079202756864866,8.94369343686487,1.6125452870742882,97.83783783783784,29250NBZ7,29251ZBV8
GS 5.727 04/25/30,GS 2.013 02/28/29,17.535202649999995,12.535237613297296,4.999965036702699,1.6113166532221297,93.51351351351352,38141GA87,38141GXT6
ENBCN 3.4 08/01/51,ENBCN 4.1 09/21/51,-35.65552306999999,-43.54172218881081,7.886199118810822,1.6020995279439472,93.51351351351352,29250NBE4,29251ZBV8
F 6.798 11/07/28,F 4.222 01/10/28,9.28775958,-12.056609766054056,21.344369346054055,1.5791324692118855,93.51351351351352,345397D59,34527ADB3
F 5  11/07/29,F 5.242 05/23/28,9.176863330000003,-10.948122294000001,20.124985624000004,1.574623877722675,91.8918918918919,345397G49,34527ACY4
IFCCN 5.459 09/22/32,IFCCN 1.928 12/16/30,97.34262972,83.45742016940541,13.885209550594595,1.5706640604040478,96.21621621621622,45823TAL0,45823TAB2
ENBCN 6.7 11/15/53,ENBCN 6.51 11/09/52,-24.813032190000015,-33.74641541994594,8.933383229945925,1.5647427627178772,94.05405405405406,29250NBZ7,29251ZBX4
TD 4.861 01/31/28,TD 4.68 01/08/29,-4.147693710000006,-10.739572961459459,6.591879251459453,1.5563952178335094,93.51351351351352,89115A3E0,89117GRJ8
F 2.9 02/10/29,F 5.581 02/22/27,40.05046427000002,17.5413022974054,22.50916197259462,1.551733626248562,98.37837837837839,345397B93,34527ACW8
CNRCN 6  11/01/53,CNRCN 4.7 05/10/53,-34.18629250000001,-41.039683083891894,6.853390583891887,1.549214883233889,89.72972972972974,136375DJ8,136375DG4
F 6.798 11/07/28,F 6.382 11/10/28,-16.219830530000024,-36.826767488,20.606936957999977,1.5492148086961728,92.97297297297298,345397D59,34527ACP3
TD 4.861 01/31/28,TD 5.491 09/08/28,-2.2694245500000036,-8.02495391010811,5.755529360108106,1.5384301298722312,93.51351351351352,89115A3E0,89117GX51
RY 4.965 01/24/29,RY 4.632 05/01/28,9.746193079999998,5.027829405837839,4.718363674162158,1.5346981856707533,89.72972972972974,78017DAA6,780086XL3
ENBCN 3.4 08/01/51,ENBCN 6.51 11/09/52,-36.333045940000005,-44.20893485189189,7.8758889118918844,1.5346399947374743,91.8918918918919,29250NBE4,29251ZBX4
TD 5.523 07/17/28,TD 4.68 01/08/29,-3.3489372800000012,-9.801855856594594,6.452918576594593,1.5268918254747739,93.51351351351352,89115A2U5,89117GRJ8
F 2.9 02/10/29,F 5.668 02/20/30,-31.958896919999972,-49.069885323675685,17.110988403675712,1.52340376529456,94.5945945945946,345397B93,34527ACS7
HYNMTR 5.15 03/27/30,HYNMTR 4.583 07/24/29,18.053618130000004,12.317333067405407,5.736285062594597,1.5219714490514962,94.5945945945946,44891ADQ7,44932WAH3
TOYOTA 5.05 05/16/29,TOYOTA 3.73 10/02/29,-12.169482440000003,-18.078068725297296,5.908586285297293,1.5186322368792078,93.51351351351352,89236TMF9,892329CA9
F 2.9 02/10/29,F 5.441 02/09/29,-16.05522173,-33.91830941708108,17.863087687081084,1.514824912977572,95.13513513513514,345397B93,34527ACT5
TD 5.523 07/17/28,TD 5.491 09/08/28,-1.4706681199999991,-7.0872368052432435,5.616568685243244,1.5094207895896108,95.67567567567568,89115A2U5,89117GX51
DTRGR 5  09/25/29,DTRGR 5.77 09/25/28,12.266934120000002,7.105546227459458,5.161387892540544,1.5011480068487022,90.81081081081082,233853AZ3,233852AH5
BMO 5.203 02/01/28,BMO 4.42 07/17/29,-13.390832189999998,-20.301462793135137,6.910630603135139,1.5006281281464082,95.13513513513514,06368LGV2,06368L5G7
TD 4.861 01/31/28,TD 4.002 10/31/30,-14.582279120000003,-20.46455968037838,5.882280560378376,1.483995332573556,93.51351351351352,89115A3E0,89116CST5
TD 5.523 07/17/28,TD 4.002 10/31/30,-13.783522689999998,-19.526842575513513,5.743319885513515,1.4749790480299207,93.51351351351352,89115A2U5,89116CST5
F 6.8 05/12/28,F 5.581 02/22/27,24.050298980000008,1.3669167247027023,22.683382255297307,1.4647915563670204,95.13513513513514,345397C92,34527ACW8
TD 2 09/10/31,TD 4.133 01/09/33,-43.021672089999996,-48.49025445302702,5.468582363027025,1.4639498894857286,90.81081081081082,89114TZJ4,89116CWY9
TD 5.146 09/10/34,TD 4.231 02/01/35,14.248101049999988,6.073140334054055,8.174960715945932,1.4631098621132497,99.45945945945947,89116CQJ9,89116CMX2
PLD 1  02/01/31,PLD 5  01/15/31,-14.787317369999997,-23.632432026594596,8.8451146565946,1.4583405710375976,97.2972972972973,74340XCA7,74340XCD1
F 2.9 02/10/29,F 4.792 09/12/29,-24.04864735999999,-40.78277129589189,16.7341239358919,1.4582270265726722,94.5945945945946,345397B93,34527ADA5
F 5.8 03/08/29,F 5.581 02/22/27,39.11302004000001,19.577505120810805,19.535514919189204,1.4564967123733017,94.5945945945946,345397E58,34527ACW8
DTRGR 5.4 09/20/28,DTRGR 5.77 09/25/28,6.049522010000004,0.8181361584324325,5.2313858515675715,1.4514274834768888,92.43243243243244,233853AT7,233852AH5
BCECN 5.2 02/15/34,BCECN 5.15 08/24/34,-10.747600369999986,-17.956982454324322,7.209382084324336,1.4494283269898045,87.02702702702703,0778FPAM1,07813ZCR3
F 5.303 09/06/29,F 5.242 05/23/28,4.077671789999982,-11.766946973729729,15.844618763729711,1.4362463375075176,92.43243243243244,345397G23,34527ACY4
F 6.8 05/12/28,F 5.668 02/20/30,-47.959062209999985,-65.2442708963784,17.28520868637841,1.4295553060469801,91.8918918918919,345397C92,34527ACS7
HYNMTR 5.15 03/27/30,HYNMTR 4.895 01/31/29,20.24076128,15.62524401545946,4.615517264540541,1.419575806632772,93.51351351351352,44891ADQ7,44932WAF7
ENBCN 6.2 11/15/30,ENBCN 4.21 02/22/30,0.8453975700000029,-5.418424359999999,6.2638219300000015,1.417764692727312,91.8918918918919,29250NBY0,29251ZCC9
BCECN 5.2 02/15/34,BCECN 5.85 11/10/32,0.6944571300000035,-6.6988960287567565,7.39335315875676,1.417516183494693,87.02702702702703,0778FPAM1,07813ZCK8
F 6.8 05/12/28,F 5.441 02/09/29,-32.05538702000001,-50.092694989783794,18.037307969783782,1.4147532550359734,90.81081081081082,345397C92,34527ACT5
TOYOTA 5.05 05/16/29,TOYOTA 5.16 07/12/28,-3.823888689999997,-8.46982964691892,4.645940956918922,1.403816876161398,91.35135135135135,89236TMF9,892329BT9
F 5.8 03/08/29,F 5.668 02/20/30,-32.896341149999984,-47.03368250027027,14.137341350270283,1.394424949035055,93.51351351351352,345397E58,34527ACS7
F 5.8 03/08/29,F 5.441 02/09/29,-16.99266596000001,-31.882106593675672,14.889440633675662,1.3904110957532134,92.43243243243244,345397E58,34527ACT5
F 5  11/07/29,F 4.222 01/10/28,20.37957511000002,1.6204842830810795,18.75909082691894,1.390221420962165,89.72972972972974,345397G49,34527ADB3
BNS 4.74 11/10/32,BNS 3.734 06/27/31,0.8364573799999988,-4.9907956651891885,5.827253045189187,1.3848960545367557,89.1891891891892,06418GAN7,06418YXB9
RY 5.153 02/04/31,RY 4 10/17/30,9.800133060000007,4.846991517891892,4.953141542108115,1.3787432138346982,90.27027027027027,78017DAC2,779926DJ0
RY 4.9 01/12/28,RY 3.626 12/10/28,-15.265618089999997,-19.45703468167568,4.191416591675683,1.3771325111307133,92.43243243243244,78016FZW7,779926FY5
F 6.798 11/07/28,F 5.581 02/22/27,30.143967669999995,8.359751634378377,21.78421603562162,1.3727382697686508,92.43243243243244,345397D59,34527ACW8
RY 4.9 01/12/28,RY 4 10/17/30,-26.144489289999996,-31.481080837081077,5.336591547081081,1.3671500904436455,91.35135135135135,78016FZW7,779926DJ0
DE 4.65 01/07/28,DE 4.38 07/11/28,-18.792965670000005,-27.689680624864863,8.896714954864859,1.3569059391376705,91.8918918918919,24422EXZ7,47788ZAS0
F 5  11/07/29,F 6.382 11/10/28,-5.128015000000005,-23.149673438864866,18.02165843886486,1.3544964697335606,90.27027027027027,345397G49,34527ACP3
F 6.8 05/12/28,F 4.792 09/12/29,-40.04881265,-56.9571568685946,16.9083442185946,1.3445733112649305,90.27027027027027,345397C92,34527ADA5
ENBCN 5.7 03/08/33,ENBCN 3.1 09/21/33,2.3483572999999893,-3.4344357768108105,5.782793076810799,1.3437083865275763,90.27027027027027,29250NBR5,29251ZBU0
DE 4.65 01/07/28,DE 5.17 09/15/28,-21.607457540000002,-29.38257791475676,7.7751203747567565,1.3364020172290976,91.8918918918919,24422EXZ7,47788ZAP6
ENBCN 5  04/05/34,ENBCN 6.1 11/09/32,1.8263573199999996,-4.869875787405404,6.696233107405404,1.3331790529087246,92.43243243243244,29250NCC7,29251ZBW6
SUCN 3  03/04/51,SUCN 3.95 03/04/51,-22.295288040000003,-27.88148212064865,5.586194080648646,1.3205808444088452,88.64864864864866,867224AE7,86721ZAR0
PLD 4  01/15/31,PLD 4.7 03/01/29,-0.11617413000000454,-6.209960216972974,6.09378608697297,1.3204584958113335,90.27027027027027,74340XCQ2,74340XCL3
F 5.8 03/08/29,F 4.792 09/12/29,-24.98609159,-38.74656847248649,13.760476882486486,1.3190527906636649,89.72972972972974,345397E58,34527ADA5
GM 5.35 04/15/28,GM 5.1 07/14/28,-14.410908679999991,-20.01062201254054,5.599713332540549,1.3189947525911576,90.81081081081082,37045VBC3,37045YAM6
DE 4.65 01/07/28,DE 4.63 04/04/29,-25.893833060000002,-33.656421001837835,7.7625879418378325,1.3144491096613955,89.72972972972974,24422EXZ7,47788ZAR2
TD 2 09/10/31,TD 4.002 10/31/30,-28.367721279999998,-32.894837538432434,4.527116258432436,1.3118411889718824,90.27027027027027,89114TZJ4,89116CST5
F 6.798 11/07/28,F 5.441 02/09/29,-25.961718330000025,-43.09986008010811,17.138141750108083,1.3095260365926746,89.72972972972974,345397D59,34527ACT5
TD 5.156 01/10/28,TD 4.477 01/18/28,0.2238617400000038,-4.059942822702703,4.283804562702707,1.3069047695105351,95.13513513513514,89115A2M3,89117GTQ0
F 6.798 11/07/28,F 5.668 02/20/30,-41.86539352,-58.25143598670271,16.386042466702712,1.3064750354129673,90.81081081081082,345397D59,34527ACS7
HYNMTR 4.55 09/26/29,HYNMTR 4.583 07/24/29,12.118268830000005,7.5494423201621625,4.568826509837843,1.3032671239577651,91.8918918918919,44891ADG9,44932WAH3
CM 4.876 01/14/30,CM 3.8 12/10/30,-40.853611349999994,-45.375472710162164,4.52186136016217,1.3010035552292927,91.35135135135135,13607PVU5,13607LF99
TOYOTA 4.55 08/09/29,TOYOTA 4.46 03/19/29,-7.560565659999995,-12.079946166972974,4.519380506972979,1.300743583508238,89.72972972972974,89236TMK8,892329BV4
F 7.122 11/07/33,F 5.046 01/09/32,-11.759190280000013,-27.437004600594594,15.677814320594582,1.2985688032412812,95.67567567567568,345397D67,34527ADC1
GM 5.35 04/15/28,GM 4.45 02/25/30,-33.061156819999994,-41.29516599405406,8.234009174054066,1.2857926007126863,89.72972972972974,37045VBC3,37045YAN4
ENBCN 6.2 11/15/30,ENBCN 3.9 02/25/30,-0.9962385099999977,-6.214119744702702,5.217881234702705,1.2857236042836957,88.64864864864866,29250NBY0,29251ZCG0
BMO 5.203 02/01/28,BMO 4.537 12/18/28,-11.658932970000002,-16.492861263297296,4.833928293297294,1.2829190275189912,87.56756756756758,06368LGV2,06368LB88
CM 5.26 04/08/29,CM 3.8 12/10/30,-11.933981500000002,-16.71918125372973,4.785199753729728,1.2504258847813785,93.51351351351352,13608JAA5,13607LF99
GM 5.35 04/15/28,GM 5 02/09/29,-23.23373961,-29.182209234972976,5.948469624972976,1.249555590887113,89.1891891891892,37045VBC3,37045YAL8
TOYOTA 4.55 08/09/29,TOYOTA 3.73 10/02/29,-11.53065401,-16.266529241621623,4.735875231621623,1.2422314801388574,91.8918918918919,89236TMK8,892329CA9
F 6.798 11/07/28,F 4.792 09/12/29,-33.955143960000015,-49.96432195891893,16.009177998918915,1.2398718974582938,88.64864864864866,345397D59,34527ADA5
F 5.303 09/06/29,F 4.222 01/10/28,15.280383569999998,0.8016596033513507,14.478723966648648,1.2316888286140186,90.81081081081082,345397G23,34527ADB3
GS 5.049 07/23/30,GS 2.013 02/28/29,18.32640265,14.172954910594596,4.153447739405403,1.2312437852580482,87.02702702702703,38141GB29,38141GXT6
HYNMTR 4.55 09/26/29,HYNMTR 4.895 01/31/29,14.305411980000002,10.857353268216215,3.448058711783787,1.2137929044887015,84.32432432432432,44891ADG9,44932WAF7
TD 4.456 06/08/32,TD 4.133 01/09/33,-15.62036483,-19.40516824572973,3.78480341572973,1.210855253771237,87.56756756756758,89115A2E1,89116CWY9
GM 5.05 04/04/28,GM 5.1 07/14/28,-14.076013409999987,-21.216002590162162,7.139989180162175,1.2103264726004797,94.05405405405406,37045XFE1,37045YAM6
ENBCN 5  04/05/34,ENBCN 4.73 08/22/34,-9.59339319,-15.99857519702703,6.40518200702703,1.2100812352877206,91.35135135135135,29250NCC7,29251ZCD7
ENBCN 6.2 11/15/30,ENBCN 6.1 11/09/32,-26.262472799999998,-31.56806249113513,5.305589691135133,1.2056135356169873,90.81081081081082,29250NBY0,29251ZBW6
HNDA 4.7 01/12/28,HNDA 4.899 02/21/29,-7.799677420000002,-11.987868182810812,4.188190762810811,1.2023335918252867,85.94594594594595,02665WED9,438121BH7
DE 4.9 03/07/31,DE 4.63 04/04/29,-4.4693385899999996,-8.915822148918918,4.446483558918919,1.1966085378926201,87.56756756756758,24422EXN4,47788ZAR2
F 5.303 09/06/29,F 6.382 11/10/28,-10.227206540000026,-23.968498118594592,13.741291578594566,1.18722281861592,90.27027027027027,345397G23,34527ACP3
HNDA 4.7 01/12/28,HNDA 4.9 06/04/29,-10.131537739999999,-14.69311881027027,4.561581070270272,1.1852180014544818,86.48648648648648,02665WED9,438121BK0
RY 4.969 08/02/30,RY 4 10/17/30,6.838133060000004,2.120791517891893,4.717341542108111,1.179395100924037,86.48648648648648,78016HZZ6,779926DJ0
BMO 5.203 02/01/28,BMO 5.039 05/29/28,-9.144446860000002,-13.316369382432434,4.171922522432432,1.177344360936062,85.94594594594595,06368LGV2,06368LNK8
GM 5.05 04/04/28,GM 4.45 02/25/30,-32.72626154999999,-42.50054657167568,9.774285021675688,1.1750341686348553,89.72972972972974,37045XFE1,37045YAN4
CM 4.857 03/30/29,CM 3.8 12/10/30,-4.730735539999998,-8.798236217243241,4.067500677243244,1.1527203836426807,90.27027027027027,13607PH98,13607LF99
ENBCN 5.95 04/05/54,ENBCN 5.32 08/22/54,-34.75590328000001,-41.29903190221622,6.543128622216209,1.1509613344434786,86.48648648648648,29250NCD5,29251ZCE5
GM 5.05 04/04/28,GM 5 02/09/29,-22.898844339999997,-30.3875898125946,7.488745472594605,1.149788802580806,91.8918918918919,37045XFE1,37045YAL8
DE 4.65 01/07/28,DE 2.81 01/19/29,-11.787058230000003,-19.603495417783783,7.81643718778378,1.1361428066308654,89.72972972972974,24422EXZ7,47788ZAM3
TD 5.523 07/17/28,TD 4.477 01/18/28,2.2783230400000036,-1.4540148276756757,3.732337867675679,1.119996848741086,81.62162162162161,89115A2U5,89117GTQ0
DE 4.7 06/10/30,DE 4.38 07/11/28,-4.733511890000003,-9.66158795545946,4.928076065459457,1.119399210343763,85.94594594594595,24422EWZ8,47788ZAS0
ENBCN 2  08/01/33,ENBCN 3.1 09/21/33,-5.147538969999999,-10.310417372864865,5.162878402864866,1.1139549917484757,82.70270270270271,29250NBF1,29251ZBU0
ENBCN 5  04/05/34,ENBCN 4.56 02/25/35,-12.95114977,-18.781045472108108,5.829895702108107,1.111020709123227,86.48648648648648,29250NCC7,29251ZCH8
F 5  11/07/29,F 5.441 02/09/29,-14.869902800000006,-29.422766030972973,14.552863230972967,1.1098152076223122,89.1891891891892,345397G49,34527ACT5
PLD 2  11/15/29,PLD 4.7 03/01/29,-7.627517260000005,-13.08324078556757,5.455723525567565,1.1085299212429485,88.10810810810811,74340XBY6,74340XCL3
ENBCN 5  04/05/34,ENBCN 5.36 05/26/33,-2.286914010000004,-7.393526994324325,5.106612984324321,1.0974734734719853,84.32432432432432,29250NCC7,29251ZBZ9
TOYOTA 4.55 08/09/29,TOYOTA 5.16 07/12/28,-3.185060259999993,-6.658290163243244,3.4732299032432508,1.0950182404575175,85.94594594594595,89236TMK8,892329BT9
F 5  11/07/29,F 5.668 02/20/30,-30.77357798999998,-44.57434193756757,13.800763947567589,1.0881986732312516,89.1891891891892,345397G49,34527ACS7
TOYOTA 5.05 05/16/29,TOYOTA 4.44 06/27/29,-10.477842520000003,-14.611391433243242,4.133548913243239,1.0843255803122462,83.78378378378379,89236TMF9,892329BX0
F 6  03/08/34,F 5.046 01/09/32,-16.051058430000012,-30.090404768054057,14.039346338054045,1.0824961225954148,88.64864864864866,345397E66,34527ADC1
TOYOTA 4  01/12/28,TOYOTA 4.46 03/19/29,-19.99065194,-24.300448007297298,4.309796067297299,1.0560938829831488,83.78378378378379,89236TKQ7,892329BV4
TD 5.146 09/10/34,TD 5.177 04/09/34,21.924282819999988,15.676816540378377,6.2474662796216105,1.0560244910579695,78.91891891891892,89116CQJ9,89116CFF9
GM 5.4 10/15/29,GM 4.45 02/25/30,-28.115419959999997,-34.08699721881081,5.971577258810811,1.0542964449454186,87.02702702702703,37045VAY6,37045YAN4
PLD 1  02/01/31,PLD 4.2 02/15/33,-28.81262538,-33.762692799621625,4.950067419621625,1.046303727442735,85.4054054054054,74340XCA7,74340XCP4
F 5  11/07/29,F 5.582 05/23/31,-46.08973406999999,-58.67390771697298,12.584173646972985,1.0441074824514043,89.1891891891892,345397G49,34527ACX6
F 5  11/07/29,F 4.792 09/12/29,-22.863328429999996,-36.28722790978378,13.423899479783785,1.039699884575304,86.48648648648648,345397G49,34527ADA5
MET 4.9 01/09/30,MET 2.45 01/12/29,15.150760490000003,10.44186680037838,4.708893689621624,1.0338877443208334,92.97297297297298,59217GFT1,592179KB0
TD 4.861 01/31/28,TD 4.477 01/18/28,1.4795666099999991,-2.39173193254054,3.871298542540539,1.0294578675502106,90.27027027027027,89115A3E0,89117GTQ0
HYNMTR 4.55 09/26/29,HYNMTR 5.565 03/08/28,21.910256610000005,18.96878493243243,2.9414716775675736,1.016939060878408,85.94594594594595,44891ADG9,44932WAD2
TOYOTA 4  01/12/28,TOYOTA 3.73 10/02/29,-23.960740290000004,-28.487031081945943,4.526290791945939,1.0121857697824004,85.94594594594595,89236TKQ7,892329CA9
GS 6.484 10/24/29,GS 2.013 02/28/29,11.918002649999998,8.204456532216215,3.7135461177837836,0.9959026229888317,84.32432432432432,38141GA46,38141GXT6
ENBCN 5.95 04/05/54,ENBCN 5.76 05/26/53,-35.31184241,-41.039465598432436,5.727623188432439,0.994761392540065,83.78378378378379,29250NCD5,29251ZCB1
DE 4  01/20/28,DE 4.38 07/11/28,-17.640168510000002,-22.65523999362162,5.015071483621618,0.9866008658624108,85.4054054054054,24422EWR6,47788ZAS0
BNCN 2.34 01/30/32,BNCN 5.431 12/14/32,-12.433310030000001,-18.52439704643243,6.091087016432429,0.9721467739528187,83.24324324324324,11272BAA1,11271ZAA9
PLD 4  01/15/31,PLD 5  01/15/31,-16.032213239999997,-21.87171839324325,5.839505153243252,0.952996266695726,80.54054054054053,74340XCQ2,74340XCD1
RY 2.3 11/03/31,RY 5.228 06/24/30,-5.736105870000003,-9.322894851081081,3.586788981081078,0.9471803567415557,87.02702702702703,78016EYH4,780086ZH0
DE 4.7 06/10/30,DE 5.17 09/15/28,-7.54800376,-11.35448524535135,3.80648148535135,0.9450138554829939,83.78378378378379,24422EWZ8,47788ZAP6
DE 4.7 06/10/30,DE 4.63 04/04/29,-11.83437928,-15.628328332432432,3.7939490524324313,0.9383275205243369,85.94594594594595,24422EWZ8,47788ZAR2
ENBCN 5.95 04/05/54,ENBCN 6.51 11/09/52,-35.409456980000016,-41.14736316540541,5.737906185405393,0.9375205278696321,82.70270270270271,29250NCD5,29251ZBX4
RY 4.9 01/12/28,RY 4.632 05/01/28,-12.498729269999998,-15.53985970589189,3.0411304358918922,0.9340767846128908,88.64864864864866,78016FZW7,780086XL3
BCECN 3.2 02/15/52,BCECN 5.15 02/09/53,-48.64752318000001,-54.52474767432432,5.8772244943243095,0.9266953846468252,87.02702702702703,0778FPAH2,07813ZCM4
RY 5.153 02/04/31,RY 5.228 06/24/30,15.824293340000004,12.419734556162162,3.4045587838378424,0.9201276057641243,88.10810810810811,78017DAC2,780086ZH0
GM 5.05 04/04/28,GM 5.2 02/09/28,-8.518419749999993,-13.637189769729732,5.118770019729739,0.906066951854464,88.10810810810811,37045XFE1,37045YAK0
GM 5.8 01/07/29,GM 4.45 02/25/30,-26.77781945999999,-32.958639655027035,6.180820195027046,0.9049827281311976,87.02702702702703,37045XEN2,37045YAN4
GM 4.3 04/06/29,GM 4.45 02/25/30,-20.61745372,-26.65320261935135,6.035748899351351,0.9048238811483252,87.02702702702703,37045XDV5,37045YAN4
HNDA 4.7 01/12/28,HNDA 5.73 09/28/28,-5.765781029999999,-9.274906463243243,3.509125433243243,0.8993525465150503,81.08108108108108,02665WED9,438121BE4
F 5.303 09/06/29,F 5.441 02/09/29,-19.969094340000026,-30.2415907107027,10.272496370702672,0.8981265310180833,84.32432432432432,345397G23,34527ACT5
TOYOTA 5.05 05/16/29,TOYOTA 4.33 01/24/28,-2.544478759999997,-4.967982490594594,2.4235037305945974,0.8945216996249963,85.94594594594595,89236TMF9,892329BQ5
HNDA 5  07/07/28,HNDA 4.9 06/04/29,-8.118478150000001,-11.103806794756757,2.9853286447567555,0.892083592565099,80.54054054054053,02665WEM9,438121BK0
BMO 5.004 01/27/29,BMO 4.42 07/17/29,-5.577871160000001,-9.057063300432432,3.4791921404324313,0.8879823620853321,82.70270270270271,06368MJG0,06368L5G7
BCECN 3.2 02/15/52,BCECN 5.6 08/11/53,-49.2310665,-54.815750732702696,5.584684232702699,0.8875666729212969,87.02702702702703,0778FPAH2,07813ZCP7
GM 5.85 04/06/30,GM 4.45 02/25/30,-12.64654922999999,-19.237609951567567,6.591060721567576,0.880304724688371,84.32432432432432,37045XEG7,37045YAN4
GM 5.35 04/15/28,GM 5.2 02/09/28,-8.853315019999997,-12.43180919210811,3.5784941721081136,0.8768043550979145,81.08108108108108,37045VBC3,37045YAK0
DE 4  01/20/28,DE 5.17 09/15/28,-20.45466038,-24.348137283513516,3.893476903513516,0.8729341432617599,84.32432432432432,24422EWR6,47788ZAP6
RY 4.965 01/24/29,RY 4.642 01/17/28,11.747272009999996,8.739503342432432,3.0077686675675643,0.8706784604114071,81.62162162162161,78017DAA6,780086WG5
F 5.303 09/06/29,F 5.668 02/20/30,-35.87276953,-45.393166617297304,9.520397087297304,0.8647341454247993,80.54054054054053,345397G23,34527ACS7
GM 5.4 10/15/29,GM 5.1 07/14/28,-9.465171819999995,-12.802453237297296,3.3372814172973015,0.8588659685353516,78.37837837837837,37045VAY6,37045YAM6
GM 5.4 10/15/29,GM 5 02/09/29,-18.288002750000004,-21.97404045972973,3.6860377097297246,0.8555579205582631,78.91891891891892,37045VAY6,37045YAL8
GM 5  04/15/30,GM 4.45 02/25/30,-11.293387879999997,-16.117489700162164,4.824101820162166,0.8520200795618287,77.83783783783784,37045VBA7,37045YAN4
DE 4  01/20/28,DE 4.63 04/04/29,-24.7410359,-28.621980370594596,3.8809444705945957,0.842842473790265,84.32432432432432,24422EWR6,47788ZAR2
GM 4.9 10/06/29,GM 4.45 02/25/30,-17.90699484999999,-22.903672124756756,4.996677274756767,0.8359936529431345,78.91891891891892,37045XEZ5,37045YAN4
TOYOTA 4  01/12/28,TOYOTA 5.16 07/12/28,-15.615146539999998,-18.87879200356757,3.2636454635675705,0.835748665908164,78.37837837837837,89236TKQ7,892329BT9
ATH 4.721 10/08/29,ATH 5.113 03/07/29,14.870430769999999,8.832501067135134,6.037929702864865,0.8348452407596716,76.21621621621621,04685A4C2,04686PAD9
PLD 2  11/15/29,PLD 5  01/15/31,-23.543556369999997,-28.744998961837837,5.201442591837839,0.8264831226722151,79.45945945945945,74340XBY6,74340XCD1
RY 4.969 08/02/30,RY 5.228 06/24/30,12.86229334,9.693534556162163,3.1687587838378377,0.8216782458962459,80.54054054054053,78016HZZ6,780086ZH0
PLD 1  03/15/31,PLD 5  01/15/31,-15.877186769999994,-20.319609437837837,4.4424226678378425,0.8198925576018384,80.54054054054053,74340XBS9,74340XCD1
HNDA 5  07/07/28,HNDA 4.899 02/21/29,-5.786617830000004,-8.398556167297299,2.6119383372972944,0.8184555759157857,80.54054054054053,02665WEM9,438121BH7
F 5.303 09/06/29,F 4.792 09/12/29,-27.962519970000017,-37.10605258951351,9.143532619513493,0.8153020722917808,76.21621621621621,345397G23,34527ADA5
DE 4.7 06/10/30,DE 2.81 01/19/29,2.272395549999999,-1.5754027483783783,3.847798298378377,0.8017429938315382,77.83783783783784,24422EWZ8,47788ZAM3
PLD 2  01/15/32,PLD 5  01/15/31,-11.058132569999998,-16.625560821243244,5.567428251243246,0.8009934806445266,76.21621621621621,74340XCB5,74340XCD1
F 5.303 09/06/29,F 5.582 05/23/31,-51.18892561000001,-59.492732396702706,8.303806786702694,0.7950440294746477,80.54054054054053,345397G23,34527ACX6
GM 5.35 01/07/30,GM 4.45 02/25/30,-10.765062919999991,-16.67564102345946,5.910578103459468,0.7877990869559666,81.62162162162161,37045XFB7,37045YAN4
ENBCN 5.3 04/05/29,ENBCN 4.9 05/26/28,5.247625100000008,1.6559752639459469,3.591649836054061,0.7847643180254876,77.83783783783784,29250NCB9,29251ZCA3
TD 4.783 12/17/29,TD 4.68 01/08/29,1.3807524699999973,-1.6164014161621627,2.99715388616216,0.7799478284035566,77.83783783783784,89115A3C4,89117GRJ8
TOYOTA 4.55 08/09/29,TOYOTA 4.44 06/27/29,-9.83901409,-12.799851949567568,2.960837859567569,0.7730724705339184,78.37837837837837,89236TMK8,892329BX0
ENBCN 5.3 04/05/29,ENBCN 3.55 02/25/28,7.202431050000008,4.144905205837839,3.0575258441621695,0.7723396632400839,78.91891891891892,29250NCB9,29251ZCF2
GM 4.3 04/06/29,GM 5 02/09/29,-10.790036510000007,-14.540245860270272,3.7502093502702643,0.7608505204065622,82.16216216216216,37045XDV5,37045YAL8
GM 4.3 04/06/29,GM 5.1 07/14/28,-1.9672055799999981,-5.368658637837836,3.4014530578378377,0.754594559347921,80.0,37045XDV5,37045YAM6
FFHCN 6 12/07/33,FFHCN 4.73 11/22/34,6.864293539999991,2.380121428486488,4.484172111513503,0.7537649377511817,77.29729729729729,303901BM3,303901BT8
GM 5.8 01/07/29,GM 5 02/09/29,-16.950402249999996,-20.845682895945952,3.895280645945956,0.7527712479086213,77.29729729729729,37045XEN2,37045YAL8
TRPCN 5.6 03/07/2082,TRPCN 4.2 03/04/2081,10.348755740000001,0.7914851136756764,9.557270626324325,0.7393404862972984,77.29729729729729,89356BAG3,89356BAF5
GM 5.85 04/06/30,GM 5 02/09/29,-2.819132019999998,-7.1246531924864875,4.30552117248649,0.7342966240259501,77.83783783783784,37045XEG7,37045YAL8
GM 5.85 04/06/30,GM 5.1 07/14/28,6.003698910000011,2.0469340299459464,3.956764880054065,0.731635912869362,75.13513513513513,37045XEG7,37045YAM6
GM 5.8 01/07/29,GM 5.1 07/14/28,-8.127571319999987,-11.674095673513511,3.546524353513524,0.7237762816874432,78.91891891891892,37045XEN2,37045YAM6
RY 5.153 02/04/31,RY 4.632 05/01/28,23.445893080000005,20.788212649081082,2.657680430918923,0.7059788222145998,71.89189189189189,78017DAC2,780086XL3
SOBOCN 5.026 10/01/29,SOBOCN 4.323 02/01/30,15.749582279999998,12.329442551027025,3.4201397289729734,0.7044903011968404,78.37837837837837,83007CAC6,836720AA0
PLD 4 09/15/28,PLD 4.7 03/01/29,-18.342369050000002,-21.465398624054053,3.1230295740540512,0.7018639618558414,80.54054054054053,74340XBX8,74340XCL3
RY 3  05/04/32,RY 5.228 06/24/30,-0.03908085000000483,-2.882907569243244,2.843826719243239,0.6985500104096444,76.21621621621621,78016FZQ0,780086ZH0
DE 4  01/20/28,DE 2.81 01/19/29,-10.63426107,-14.56905478654054,3.9347937165405398,0.6979785361342071,75.67567567567568,24422EWR6,47788ZAM3
RY 4.969 08/02/30,RY 3.626 12/10/28,17.717004260000003,14.144837673297298,3.5721665867027053,0.6850989520553289,70.27027027027027,78016HZZ6,779926FY5
VTR 2  09/01/31,VTR 3.3 12/01/31,-30.665720219999997,-34.24813980335136,3.58241958335136,0.6671308994342909,68.64864864864865,92277GAW7,92277LAH9
WFC 4.97 04/23/29,WFC 5.083 04/26/28,5.5523086500000005,2.478076489459459,3.0742321605405416,0.6640697665747683,73.51351351351352,95000U3T8,949746TJ0
VW 4.95 08/15/29,VW 4.42 08/20/29,8.901179749999997,5.680233082054054,3.2209466679459435,0.6622460389629672,71.35135135135135,928668CM2,918423BG8
HYNMTR 6.2 09/21/30,HYNMTR 4.583 07/24/29,14.933269460000005,12.831955170864864,2.101314289135141,0.6576729414265519,74.5945945945946,44891ACP0,44932WAH3
TD 4.994 04/05/29,TD 1.896 09/11/28,36.21540784,33.08235058372973,3.13305725627027,0.6409612025019918,72.43243243243244,89115A2Y7,89117FJ34
TOYOTA 5.55 11/20/30,TOYOTA 4.46 03/19/29,-5.05224793,-7.304190656324325,2.251942726324325,0.6395775468867491,76.75675675675676,89236TLE3,892329BV4
GM 5.35 01/07/30,GM 5 02/09/29,-0.9376457099999982,-4.562684264378381,3.625038554378383,0.6285497232913626,71.89189189189189,37045XFB7,37045YAL8
MET 4.9 01/09/30,MET 1.95 03/20/28,14.985349580000005,12.589163625567567,2.396185954432438,0.6270513561935773,75.13513513513513,59217GFT1,592179KA2
TOYOTA 5.55 11/20/30,TOYOTA 3.73 10/02/29,-9.022336280000005,-11.490773730972974,2.468437450972969,0.6238737802451899,74.5945945945946,89236TLE3,892329CA9
GM 5.35 01/07/30,GM 5.1 07/14/28,7.885185220000011,4.6089029580540535,3.2762822619459575,0.6215290739102329,76.75675675675676,37045XFB7,37045YAM6
GS 4.692 10/23/30,GS 2.013 02/28/29,16.530002649999993,14.065818153837837,2.464184496162156,0.6201475436327619,78.37837837837837,38141GB60,38141GXT6
TOYOTA 4  01/12/28,TOYOTA 4.44 06/27/29,-22.269100370000004,-25.020353789891896,2.751253419891892,0.6118432921325009,73.51351351351352,89236TKQ7,892329BX0
GM 3.1 01/12/32,GM 4.45 02/25/30,1.7723921000000047,-3.8470295980540548,5.61942169805406,0.6115848150191039,74.05405405405405,37045XDS2,37045YAN4
TD 5.156 01/10/28,TD 1.896 09/11/28,27.24881436,24.380796020216213,2.868018339783788,0.6086201761391046,71.89189189189189,89115A2M3,89117FJ34
TD 4.783 12/17/29,TD 4.002 10/31/30,-9.05383294,-11.341388135081083,2.287555195081083,0.5997016182199418,64.86486486486487,89115A3C4,89116CST5
GM 4.9 10/06/29,GM 5 02/09/29,-8.079577639999997,-10.790715365675677,2.7111377256756803,0.5961553329458251,74.5945945945946,37045XEZ5,37045YAL8
ATH 4.721 10/08/29,ATH 2.47 06/09/28,25.49479434,21.49200058318919,4.00279375681081,0.5944972334620431,68.10810810810811,04685A4C2,BP9499446
ATH 4.721 10/08/29,ATH 2.47 06/09/28,25.49479434,21.49200058318919,4.00279375681081,0.5944972334620431,68.10810810810811,04685A4C2,C04575AE3
WFC 5.574 07/25/29,WFC 5.083 04/26/28,6.679508649999995,3.9859743272972974,2.693534322702698,0.5922459224996768,72.97297297297297,95000U3E1,949746TJ0
RY 4.97 05/02/31,RY 4 10/17/30,5.259633059999999,2.809332598972973,2.450300461027026,0.5850053901094756,69.1891891891892,78017DAH1,779926DJ0
BMW 4.9 04/02/29,BMW 3.7 04/02/29,-5.2318538899999965,-7.784898235135135,2.553044345135138,0.5840121122284516,63.78378378378379,05565ECJ2,05590HBJ5
BCECN 3.2 02/15/52,BCECN 4.05 03/17/51,-49.60023343,-53.70572101810811,4.1054875881081045,0.5759262596072121,71.35135135135135,0778FPAH2,07813ZCH5
TD 4.783 12/17/29,TD 5.491 09/08/28,3.2590216299999994,1.0982176351891884,2.160803994810811,0.5702893169685369,65.4054054054054,89115A3C4,89117GX51
GM 5  04/15/30,GM 5 02/09/29,-1.4659706700000044,-4.0045329410810835,2.538562271081079,0.5655380219054583,68.10810810810811,37045VBA7,37045YAL8
RY 4.969 08/02/30,RY 4.632 05/01/28,20.48389308,18.062012649081083,2.421880430918918,0.5478993005056075,68.10810810810811,78016HZZ6,780086XL3
HNDA 5  07/07/28,HNDA 5.73 09/28/28,-3.752721440000002,-5.68559444772973,1.9328730077297278,0.5456598292353058,68.64864864864865,02665WEM9,438121BE4
BMW 4.9 04/02/29,BMW 4.66 04/05/28,4.581450620000005,2.3422960677837836,2.2391545522162217,0.5396019030304062,65.4054054054054,05565ECJ2,05590HBE6
GM 4.9 10/06/29,GM 5.1 07/14/28,0.7432532900000126,-1.6191281432432423,2.3623814332432547,0.5382314633161044,73.51351351351352,37045XEZ5,37045YAM6
VW 4.95 08/15/29,VW 4.49 11/19/29,4.783241060000009,2.4055635848648644,2.3776774751351444,0.5333183946826191,69.72972972972973,928668CM2,918423BK9
HNDA 4.7 01/12/28,HNDA 1.646 02/25/28,28.10637422,25.03684352475675,3.069530695243248,0.5067787397815001,70.8108108108108,02665WED9,438121AZ8
GM 5  04/15/30,GM 5.1 07/14/28,7.356860260000005,5.167054281351351,2.1898059786486535,0.5019993059033303,64.32432432432432,37045VBA7,37045YAM6
RCICN 7 04/15/55,RCICN 5  04/15/55,3.7543831600000033,-3.737128873945942,7.491512033945945,0.4927982737949054,62.70270270270271,775109DG3,775109CX7
BCECN 3.65 03/17/51,BCECN 5.15 02/09/53,-47.65967538000001,-50.60309714967568,2.9434217696756733,0.4852073979537995,74.05405405405405,0778FPAF6,07813ZCM4
RY 5.2 08/01/28,RY 4 10/17/30,-25.439161239999997,-27.080547249351355,1.6413860093513577,0.474725319278213,71.35135135135135,78016HZS2,779926DJ0
GS 5.207 01/28/31,GS 2.013 02/28/29,18.852402649999995,17.264565180864864,1.5878374691351311,0.46563745376948373,73.51351351351352,38141GC36,38141GXT6
PLD 1  07/01/30,PLD 4.7 03/01/29,-1.3047488700000045,-3.9569053193513515,2.652156449351347,0.465582440380105,77.29729729729729,74340XBZ3,74340XCL3
WFC 5.198 01/23/30,WFC 5.083 04/26/28,6.0375086499999995,4.172081354324324,1.8654272956756754,0.4630929860875707,70.27027027027027,95000U3J0,949746TJ0
BCECN 3.65 03/17/51,BCECN 5.6 08/11/53,-48.2432187,-50.894100208054056,2.6508815080540558,0.4423784211465451,72.97297297297297,0778FPAF6,07813ZCP7
TD 3.2 03/10/32,TD 4.133 01/09/33,-12.52951401,-14.146527036810811,1.6170130268108114,0.4201506676560707,61.08108108108108,89114TZV7,89116CWY9
TD 5.523 07/17/28,TD 1.896 09/11/28,29.30327566,26.986724015243247,2.3165516447567533,0.4125437718302423,63.24324324324324,89115A2U5,89117FJ34
TD 4.861 01/31/28,TD 1.896 09/11/28,28.504519229999996,26.049006910378374,2.455512319621622,0.39793501869325754,62.70270270270271,89115A3E0,89117FJ34
BMO 5.004 01/27/29,BMO 4.537 12/18/28,-3.8459719400000054,-5.248461770594594,1.4024898305945888,0.39489811146291,64.32432432432432,06368MJG0,06368LB88
BMW 4.9 04/02/29,BMW 3.99 10/10/28,-0.5770630600000004,-2.3705001504864867,1.7934370904864863,0.39472137943873287,53.51351351351351,05565ECJ2,05590HBG1
RY 4.9 01/12/28,RY 4.642 01/17/28,-10.49765034,-11.828185769297296,1.3305354292972957,0.3930515636594109,71.35135135135135,78016FZW7,780086WG5
ENBCN 5.7 03/08/33,ENBCN 6.1 11/09/32,-9.159445380000008,-11.096666653135134,1.9372212731351262,0.3880032107608959,63.78378378378379,29250NBR5,29251ZBW6
WFC 6.303 10/23/29,WFC 5.083 04/26/28,7.585108649999995,6.015736489459459,1.569372160540536,0.3861354052032148,67.56756756756756,95000U3G6,949746TJ0
TOYOTA 4.55 08/09/29,TOYOTA 4.33 01/24/28,-1.9056503299999932,-3.156443006918918,1.250792676918925,0.3793202611034633,70.8108108108108,89236TMK8,892329BQ5
GM 5  02/08/31,GM 4.45 02/25/30,-5.909479989999994,-8.676704768864864,2.76722477886487,0.37066025784800566,61.08108108108108,37045XER3,37045YAN4
GM 5.4 10/15/29,GM 5.2 02/09/28,-3.90757816,-5.223640416864865,1.316062256864865,0.3700623480440302,63.24324324324324,37045VAY6,37045YAK0
PLD 1  07/01/30,PLD 5  01/15/31,-17.220787979999997,-19.61866349562162,2.3978755156216245,0.35421001830299237,75.67567567567568,74340XBZ3,74340XCD1
CM 5.986 10/03/28,CM 3.8 12/10/30,-20.571258219999997,-21.672175293729726,1.100917073729729,0.3508282959738669,67.56756756756756,13607LWV1,13607LF99
RY 4.965 01/24/29,RY 1.833 07/31/28,43.53862763,41.862345456702705,1.6762821732972952,0.34602115109841297,60.54054054054055,78017DAA6,780086TY0
BCECN 6  09/15/55,BCECN 5  03/27/55,-3.06475248000001,-8.139329145081081,5.0745766650810715,0.3453693307307663,67.56756756756756,0778FPAP4,078149DY4
PLD 4  01/15/31,PLD 4.2 02/15/33,-30.05752125,-32.001979166270274,1.9444579162702738,0.34426100092511436,76.21621621621621,74340XCQ2,74340XCP4
BCECN 5.55 02/15/54,BCECN 5.15 02/09/53,-43.96803809000001,-46.71725137032432,2.7492132803243123,0.34089415247634924,61.62162162162163,0778FPAN9,07813ZCM4
RY 4.65 10/18/30,RY 4 10/17/30,4.358833059999995,3.0296590854594605,1.3291739745405344,0.32169077341477736,65.4054054054054,78017FZT3,779926DJ0
HYNMTR 6.2 09/21/30,HYNMTR 4.895 01/31/29,17.120412610000002,16.13986611891892,0.9805464910810819,0.3186434771284238,68.10810810810811,44891ACP0,44932WAF7
BMO 7.7 05/26/2084,BMO 7.057 PERP,53.93741385000001,46.88050147610811,7.056912373891905,0.3172520310754112,62.16216216216216,06368LQ58,06368LHJ8
ATH 5.583 01/09/29,ATH 5.113 03/07/29,5.8377752199999975,3.8725755659459455,1.965199654054052,0.3148262820702298,59.45945945945946,04685A3Q2,04686PAD9
GM 5.8 01/07/29,GM 5.2 02/09/28,-2.569977659999992,-4.095282853081081,1.5253051930810893,0.31272590570972447,64.32432432432432,37045XEN2,37045YAK0
TOYOTA 4  01/12/28,TOYOTA 4.33 01/24/28,-14.335736609999998,-15.37694484724324,1.041208237243243,0.3119443042078059,59.45945945945946,89236TKQ7,892329BQ5
RY 7  05/02/2084,RY 7.408 PERP,-1.1413358300000027,-11.368149157621623,10.22681332762162,0.3109328010890789,53.51351351351351,780082AR4,780086X66
ENBCN 5.7 03/08/33,ENBCN 4.73 08/22/34,-20.57919589000001,-22.22536606275676,1.6461701727567508,0.3096714344051568,58.91891891891892,29250NBR5,29251ZCD7
TD 5.298 01/30/32,TD 4.133 01/09/33,-12.191180059999994,-13.571544793405407,1.380364733405413,0.30841062453261714,53.51351351351351,89115A3G5,89116CWY9
BCECN 5.55 02/15/54,BCECN 5.6 08/11/53,-44.55158141,-47.008254428702706,2.456673018702709,0.307343874174248,58.91891891891892,0778FPAN9,07813ZCP7
GM 4.3 04/06/29,GM 5.2 02/09/28,3.5903880799999968,2.210154182594595,1.3802338974054016,0.3022577761861238,62.70270270270271,37045XDV5,37045YAK0
HYNMTR 6  01/16/29,HYNMTR 4.583 07/24/29,10.611048530000005,9.55918846745946,1.0518600625405448,0.3009234264281275,64.86486486486487,44891ACR6,44932WAH3
PLD 2  01/15/32,PLD 4.2 02/15/33,-25.08344058,-26.75582159427027,1.6723810142702682,0.27007792273323117,65.94594594594595,74340XCB5,74340XCP4
VW 4.95 08/15/29,VW 5.73 09/20/28,14.491926500000005,13.328639239675677,1.1632872603243278,0.2667580597067829,61.08108108108108,928668CM2,918423BE3
BNS 2.45 02/02/32,BNS 3.734 06/27/31,-3.4535766799999976,-4.447628719135134,0.994052039135136,0.2592005566086637,61.62162162162163,06417XAE1,06418YXB9
ENBCN 2  08/01/33,ENBCN 6.1 11/09/32,-16.655341649999997,-17.972648249189188,1.317306599189191,0.2567176851158607,61.62162162162163,29250NBF1,29251ZBW6
HNDA 5  07/07/28,HNDA 1.646 02/25/28,30.119433809999997,28.62615554027027,1.4932782697297284,0.2507598095730934,64.32432432432432,02665WEM9,438121AZ8
GM 5.35 01/07/30,GM 5.2 02/09/28,13.442778880000006,12.187715778486485,1.255063101513521,0.2389532436189739,56.75675675675676,37045XFB7,37045YAK0
NACN 5.6 12/18/28,NACN 5.023 02/01/29,0.23578941000000242,-0.9574597007027026,1.193249110702705,0.23785719837464475,65.94594594594595,63307A2X2,63306AHT6
RY 4.97 05/02/31,RY 5.228 06/24/30,11.283793339999995,10.382075637243243,0.901717702756752,0.20665587451736858,52.43243243243243,78017DAH1,780086ZH0
ENBCN 5.7 03/08/33,ENBCN 4.56 02/25/35,-23.93695247000001,-25.00783633783784,1.070883867837832,0.19874989921067052,49.72972972972973,29250NBR5,29251ZCH8
ENBCN 2  08/01/33,ENBCN 4.73 08/22/34,-28.075092159999997,-29.101347658810813,1.0262554988108157,0.19383088097923248,60.0,29250NBF1,29251ZCD7
BMO 5.004 01/27/29,BMO 5.039 05/29/28,-1.3314858300000054,-2.0719698897297296,0.7404840597297242,0.1882769269336782,55.13513513513514,06368MJG0,06368LNK8
BCECN 3.65 03/17/51,BCECN 4.05 03/17/51,-48.612385630000006,-49.78407049345946,1.171684863459454,0.17971558434294244,59.45945945945946,0778FPAF6,07813ZCH5
TOYOTA 5.55 11/20/30,TOYOTA 4.44 06/27/29,-7.330696360000005,-8.024096438918919,0.6934000789189145,0.17615871317933068,63.78378378378379,89236TLE3,892329BX0
RY 5.2 08/01/28,RY 3.626 12/10/28,-14.560290039999998,-15.056501093945947,0.4962110539459488,0.16389349617266175,60.54054054054055,78016HZS2,779926FY5
TD 4.994 04/05/29,TD 1.888 03/08/28,32.91701536000001,32.23716970691892,0.6798456530810881,0.15853568251210542,62.16216216216216,89115A2Y7,89117FA33
VW 4.95 08/15/29,VW 4  02/18/28,18.928109930000005,18.33704131324324,0.5910686167567647,0.13314232394107636,66.48648648648648,928668CM2,918423BH6
RY 4.969 08/02/30,RY 4.642 01/17/28,22.48497201,21.77368658567568,0.7112854243243198,0.12734705526805762,56.75675675675676,78016HZZ6,780086WG5
CM 5.245 01/13/31,CM 3.8 12/10/30,5.757364460000005,5.3504043232972975,0.4069601367027076,0.11812618704556739,52.43243243243243,13607PVQ4,13607LF99
TD 5.156 01/10/28,TD 1.888 03/08/28,23.950421880000004,23.53561514340541,0.41480673659459555,0.09485840962918132,57.2972972972973,89115A2M3,89117FA33
PLD 1  03/15/31,PLD 4.2 02/15/33,-29.902494779999998,-30.449870210864862,0.5473754308648644,0.09219827654384237,60.0,74340XBS9,74340XCP4
ENBCN 2  08/01/33,ENBCN 4.56 02/25/35,-31.432848739999997,-31.88381793389189,0.4509691938918934,0.08294146791194462,54.054054054054056,29250NBF1,29251ZCH8
GM 5  02/08/31,GM 5 02/09/29,3.917937219999999,3.4362519902162147,0.48168522978378414,0.08244997720318008,51.891891891891895,37045XER3,37045YAL8
BMW 4.65 08/13/29,BMW 3.7 04/02/29,-6.638710790000005,-6.98774209145946,0.3490313014594557,0.07798872165997703,54.054054054054056,05565ECR4,05590HBJ5
RY 7  05/02/2084,RY 6.698 PERP,-62.59085292,-64.62828444448648,2.037431524486479,0.07668841620870316,41.08108108108108,780082AR4,7800866S8
GM 4.9 10/06/29,GM 5.2 02/09/28,6.3008469500000075,5.959684677189189,0.3411622728108181,0.07570491562843702,54.59459459459459,37045XEZ5,37045YAK0
ENBCN 5.7 03/08/33,ENBCN 5.36 05/26/33,-13.272716710000012,-13.620317860054055,0.347601150054043,0.07313292165105162,50.27027027027027,29250NBR5,29251ZBZ9
BMO 3.088 01/10/37,BMO 4.077 03/05/35,30.956185860000005,30.63977144989189,0.31641441010811633,0.0687923913877692,52.972972972972975,06368DH72,06369ZCL6
TD 4.783 12/17/29,TD 4.477 01/18/28,7.008012790000002,6.7314396127567555,0.2765731772432467,0.056515966675740485,48.64864864864865,89115A3C4,89117GTQ0
TRPCN 2  10/12/31,TRPCN 2.97 06/09/31,32.581681059999994,32.28786048178379,0.2938205782162058,0.05642213801750514,59.45945945945946,89352HBC2,89353ZCH9
CM 4.631 09/11/30,CM 3.8 12/10/30,-0.9233355399999965,-1.130858919945946,0.2075233799459495,0.04061996703213384,50.810810810810814,13607PHS6,13607LF99
RY 4.65 10/18/30,RY 3.626 12/10/28,15.237704259999994,15.053705240864865,0.18399901913512906,0.03735439431463685,49.18918918918919,78017FZT3,779926FY5
RY 5.2 08/01/28,RY 5.228 06/24/30,-19.41500096,-19.50780421108108,0.09280325108107945,0.023508470026990393,51.35135135135135,78016HZS2,780086ZH0
BMW 4.65 08/13/29,BMW 4.66 04/05/28,3.174593719999997,3.139452211459459,0.03514150854053799,0.008101283661007338,52.43243243243243,05565ECR4,05590HBE6
TD 4.861 01/31/28,TD 1.888 03/08/28,25.20612675,25.20382603356757,0.0023007164324297946,0.0004113268419636339,59.45945945945946,89115A3E0,89117FA33
RY 4.9 01/12/28,RY 1.833 07/31/28,21.293705280000005,21.294656344972974,-0.0009510649729698173,-0.000184214708692031,52.43243243243243,78016FZW7,780086TY0
TRPCN 2  10/12/31,TRPCN 5.33 05/12/32,0.8440097900000012,0.8470600823243238,-0.0030502923243226343,-0.0006382378929980747,48.10810810810811,89352HBC2,89353ZCK2
ATH 5.583 01/09/29,ATH 2.47 06/09/28,16.462138789999997,16.532075082000002,-0.06993629200000484,-0.012842937890338187,45.40540540540541,04685A3Q2,BP9499446
ATH 5.583 01/09/29,ATH 2.47 06/09/28,16.462138789999997,16.532075082000002,-0.06993629200000484,-0.012842937890338187,45.40540540540541,04685A3Q2,C04575AE3
HYNMTR 6  01/16/29,HYNMTR 4.895 01/31/29,12.798191680000002,12.867099415513513,-0.06890773551351081,-0.01734128710652503,55.13513513513514,44891ACR6,44932WAF7
MBGGR 4.8 08/01/29,MBGGR 5.12 06/27/28,1.0011520799999971,1.1437131872972972,-0.1425611072973001,-0.021554095851079032,50.27027027027027,58769JAW7,58769CAB8
TD 5.523 07/17/28,TD 1.888 03/08/28,26.004883180000004,26.14154313843243,-0.13665995843242484,-0.026971228442619097,50.27027027027027,89115A2U5,89117FA33
RY 4.65 10/18/30,RY 5.228 06/24/30,10.382993339999992,10.602402123729728,-0.2194087837297367,-0.04962836990337603,49.18918918918919,78017FZT3,780086ZH0
ENBCN 2  08/01/33,ENBCN 5.36 05/26/33,-20.76861298,-20.496299456108105,-0.27231352389189567,-0.05447013317114338,48.64864864864865,29250NBF1,29251ZBZ9
BCECN 3.65 08/15/52,BCECN 5.15 02/09/53,-46.63516605000001,-46.20843851594594,-0.4267275340540664,-0.06054014354968312,55.13513513513514,0778FPAJ8,07813ZCM4
RY 5.153 02/04/31,RY 1.833 07/31/28,57.23832763000001,57.622728699945945,-0.3844010699459375,-0.061495839752797675,54.59459459459459,78017DAC2,780086TY0
BMW 4.65 08/13/29,BMW 3.99 10/10/28,-1.9839199600000086,-1.573344006810811,-0.4105759531891975,-0.08522176649176753,51.891891891891895,05565ECR4,05590HBG1
RY 4.969 08/02/30,RY 1.833 07/31/28,54.276327630000004,54.89652869994595,-0.6202010699459422,-0.09439894450643796,54.054054054054056,78016HZZ6,780086TY0
BCECN 3.65 08/15/52,BCECN 5.6 08/11/53,-47.21870937,-46.49944157432434,-0.7192677956756626,-0.10306598120239832,51.891891891891895,0778FPAJ8,07813ZCP7
EDF 5.95 04/22/34,EDF 4.573 02/06/35,-32.703009460000004,-32.103621610594594,-0.5993878494054101,-0.10319476828329854,39.45945945945946,268317AZ7,268317BG8
ENBCN 8  01/15/2084,ENBCN 3.1 09/21/33,133.97102163,135.59038647481083,-1.619364844810832,-0.11338991917792526,49.72972972972973,29250NBT1,29251ZBU0
CNRCN 4  09/18/34,CNRCN 4.4 05/10/33,-12.150535230000003,-11.451356635783783,-0.6991785942162192,-0.12269679061150113,55.67567567567567,136375DR0,136375DE9
HYNMTR 6  01/16/29,HYNMTR 5.565 03/08/28,20.403036310000005,20.97853107972973,-0.5754947697297261,-0.12638939212697933,50.810810810810814,44891ACR6,44932WAD2
TRPCN 2  10/12/31,TRPCN 5.277 07/15/30,17.83214488,18.638005347999997,-0.8058604679999952,-0.16308317987466345,44.86486486486487,89352HBC2,89353ZCN6
TD 4.783 12/17/29,TD 1.896 09/11/28,34.03296541,35.17217845567568,-1.1392130456756746,-0.18147500284742324,50.810810810810814,89115A3C4,89117FJ34
ENBCN 8  01/15/2084,ENBCN 4.21 02/22/30,134.66021667,139.1672539184865,-4.507037248486483,-0.19387903690705607,45.40540540540541,29250NBS3,29251ZCC9
PLD 4  01/15/33,PLD 4.2 02/15/33,-26.992064169999992,-25.75978350037838,-1.2322806696216126,-0.21373702708291217,57.83783783783784,74340XBT7,74340XCP4
TD 7  07/31/2084,TD 5.909 01/31/2085,-103.5364189,-99.1831151554054,-4.353303744594598,-0.2162312896291581,25.945945945945947,89116CKP1,89116CVK0
RY 4.65 10/18/30,RY 4.632 05/01/28,18.004593079999992,18.97088021664865,-0.9662871366486563,-0.22107414849646048,40.0,78017FZT3,780086XL3
RY 5.2 08/01/28,RY 4.632 05/01/28,-11.79340122,-11.139326118162161,-0.6540751018378383,-0.22116422933187316,45.94594594594595,78016HZS2,780086XL3
HYNMTR 5 01/07/28,HYNMTR 4.583 07/24/29,-3.138292309999997,-2.3256173131351354,-0.8126749968648617,-0.2271489070647089,45.40540540540541,44891ADL8,44932WAH3
NACN 4  10/10/29,NACN 5.023 02/01/29,4.653288619999998,5.681310992648649,-1.0280223726486515,-0.2388519752197771,42.16216216216216,63307A3B9,63306AHT6
RCICN 3.8 03/15/32,RCICN 4  04/15/32,6.556406229999993,13.410552155405409,-6.854145925405415,-0.2415484200269893,53.51351351351351,775109CC3,775109BV2
ENBCN 8  01/15/2084,ENBCN 3.9 02/25/30,132.81858059,138.37155853378377,-5.552977943783759,-0.2428184336691447,45.40540540540541,29250NBS3,29251ZCG0
ATH 5.38 01/07/30,ATH 5.113 03/07/29,10.172328219999997,11.475384858648647,-1.3030566386486502,-0.254878640767211,37.83783783783784,04685A4G3,04686PAD9
RCICN 3.8 03/15/32,RCICN 5.8 09/21/30,20.00352764,27.615701568864868,-7.612173928864866,-0.26096431921570534,50.810810810810814,775109CC3,775109CW9
RCICN 3.8 03/15/32,RCICN 5.9 09/21/33,-7.139813740000008,0.8516864410810789,-7.991500181081087,-0.2851842141362757,50.810810810810814,775109CC3,775109DA6
BCECN 3.65 08/15/52,BCECN 4.05 03/17/51,-47.587876300000005,-45.38941185972973,-2.1984644402702784,-0.28915844803694246,46.48648648648649,0778FPAJ8,07813ZCH5
MBGGR 5.1 08/03/28,MBGGR 5.12 06/27/28,-6.339340670000006,-4.420142041351351,-1.9191986286486546,-0.29042461568294203,51.35135135135135,58769JAL1,58769CAB8
ENBCN 7  01/15/2083,ENBCN 5 01/19/2082,16.442667110000002,19.87364407756757,-3.4309769675675668,-0.3086846209377002,40.54054054054054,29250NBP9,29250NBJ3
NACN 5.6 12/18/28,NACN 5.219 06/14/28,3.4635255400000062,4.849277255081081,-1.3857517150810752,-0.32586375345967533,37.2972972972973,63307A2X2,63306AHP4
ENBCN 8  01/15/2084,ENBCN 6.1 11/09/32,122.46321895000001,127.9281555984865,-5.464936648486486,-0.3457717875733123,44.86486486486487,29250NBT1,29251ZBW6
ENBCN 8  01/15/2084,ENBCN 4.73 08/22/34,111.04346844000001,116.79945618886488,-5.755987748864868,-0.3583115941223823,46.48648648648649,29250NBT1,29251ZCD7
ENBCN 7  01/15/2083,ENBCN 8.747 01/15/2084,-21.153051930000004,-17.59926821735135,-3.5537837126486522,-0.360465166506988,35.13513513513514,29250NBP9,29250NBV6
TRPCN 7 06/01/65,TRPCN 4.2 03/04/2081,61.16962700000002,67.0796394845946,-5.910012484594574,-0.381152078602609,31.891891891891895,89352HBG3,89356BAF5
ENBCN 8  01/15/2084,ENBCN 4.9 05/26/28,145.04646984,154.84351416183782,-9.79704432183783,-0.38609138741089744,38.91891891891892,29250NBS3,29251ZCA3
ENBCN 8  01/15/2084,ENBCN 4.56 02/25/35,107.68571186000001,114.0169859137838,-6.331274053783787,-0.38813640162244684,46.48648648648649,29250NBT1,29251ZCH8
ENBCN 8  01/15/2084,ENBCN 3.55 02/25/28,147.00127579,157.33244410372973,-10.331168313729734,-0.41512621115053183,37.2972972972973,29250NBS3,29251ZCF2
CNRCN 3.85 08/05/32,CNRCN 4.4 05/10/33,-14.076631550000002,-11.618769975513514,-2.457861574486488,-0.4319209308050017,34.054054054054056,136375DC3,136375DE9
ENBCN 8  01/15/2084,ENBCN 5.36 05/26/33,118.34994762000001,125.40450439156757,-7.054556771567562,-0.43911165832659144,44.86486486486487,29250NBT1,29251ZBZ9
RY 4.97 05/02/31,RY 1.833 07/31/28,52.69782763,55.58506978102702,-2.8872421510270243,-0.44376868186719287,38.37837837837838,78017DAH1,780086TY0
HYNMTR 5 01/07/28,HYNMTR 4.895 01/31/29,-0.9511491599999999,0.9822936349189192,-1.933442794918919,-0.45792493882247737,36.75675675675676,44891ADL8,44932WAF7
HNDA 4.4 09/05/29,HNDA 4.9 06/04/29,-7.95268196,-6.207405038972974,-1.7452769210270258,-0.45938530413007944,32.432432432432435,02665WFQ9,438121BK0
MBGGR 5.1 11/15/29,MBGGR 5.12 06/27/28,1.229400120000001,4.684025560756758,-3.4546254407567565,-0.4823610486116337,40.0,58769JBA4,58769CAB8
RY 4.65 10/18/30,RY 4.642 01/17/28,20.00567200999999,22.68255415324324,-2.676882143243251,-0.4847827897145624,35.67567567567568,78017FZT3,780086WG5
HNDA 2 03/24/28,HNDA 4.9 06/04/29,-14.256124,-12.21154980535135,-2.04457419464865,-0.48981582536074403,35.13513513513514,02665WDW8,438121BK0
HNDA 4.4 09/05/29,HNDA 1.646 02/25/28,30.28523,33.52255729605405,-3.2373272960540547,-0.4946812110668182,37.2972972972973,02665WFQ9,438121AZ8
HYNMTR 5 01/07/28,HYNMTR 5.565 03/08/28,6.653695470000002,9.093725299135135,-2.440029829135133,-0.4960756821702332,31.351351351351354,44891ADL8,44932WAD2
HNDA 2 03/24/28,HNDA 1.646 02/25/28,23.98178796,27.51841252967568,-3.5366245696756806,-0.5038561310580928,31.891891891891895,02665WDW8,438121AZ8
TD 4.783 12/17/29,TD 1.888 03/08/28,30.734572930000002,34.32699757886486,-3.59242464886486,-0.5531075806876162,39.45945945945946,89115A3C4,89117FA33
VW 4.6 06/08/29,VW 4.42 08/20/29,5.104766399999988,7.807077771405406,-2.7023113714054174,-0.5545699007343722,35.67567567567568,928668BT8,918423BG8
HNDA 4.4 09/05/29,HNDA 4.899 02/21/29,-5.620821640000003,-3.502154411513514,-2.1186672284864887,-0.5549309164050774,28.64864864864865,02665WFQ9,438121BH7
RY 4.65 10/18/30,RY 1.833 07/31/28,51.797027629999995,55.805396267513515,-4.00836863751352,-0.6083147411382641,32.972972972972975,78017FZT3,780086TY0
HNDA 2 03/24/28,HNDA 4.899 02/21/29,-11.924263680000003,-9.506299177891892,-2.417964502108111,-0.6115474006064704,29.18918918918919,02665WDW8,438121BH7
BAC 5.202 04/25/29,BAC 2.598 04/04/29,-1.7047529700000013,1.9694821056756764,-3.6742350756756776,-0.648250574514282,32.432432432432435,06051GLG2,060505FU3
CNRCN 5.85 11/01/33,CNRCN 4.4 05/10/33,-23.186709720000003,-15.714725501297298,-7.471984218702705,-0.6615554061848571,36.75675675675676,136375DH2,136375DE9
HNDA 4.4 09/05/29,HNDA 5.73 09/28/28,-3.58692525,-0.7891926919459459,-2.7977325580540544,-0.670153442523596,25.945945945945947,02665WFQ9,438121BE4
BAC 2.087 06/14/29,BAC 2.598 04/04/29,-0.41905297000000274,4.167077781351351,-4.586130751351353,-0.6714443793103254,29.72972972972973,06051GJZ3,060505FU3
VW 5.65 09/12/28,VW 4.42 08/20/29,-1.4987896700000078,2.04245345054054,-3.541243120540548,-0.6730135885981939,28.10810810810811,928668BW1,918423BG8
CNQCN 5 12/15/29,CNQCN 4.15 12/15/31,-22.7710479,-16.939897656432432,-5.831150243567567,-0.692311078823448,28.64864864864865,136385BB6,136385BF7
HNDA 2 03/24/28,HNDA 5.73 09/28/28,-9.89036729,-6.7933374583243245,-3.097029831675676,-0.7194699752483849,26.486486486486488,02665WDW8,438121BE4
ATH 5.38 01/07/30,ATH 2.47 06/09/28,20.796691789999997,24.134884374702704,-3.338192584702707,-0.7196209143340345,23.783783783783786,04685A4G3,C04575AE3
ATH 5.38 01/07/30,ATH 2.47 06/09/28,20.796691789999997,24.134884374702704,-3.338192584702707,-0.7196209143340345,23.783783783783786,04685A4G3,BP9499446
CNQCN 5 12/15/29,CNQCN 2  01/17/28,19.05736676,26.335395720918918,-7.278028960918917,-0.7663069599759955,34.054054054054056,136385BB6,13638ZDX0
VW 4.6 06/08/29,VW 4.49 11/19/29,0.98682771,4.532408274216216,-3.545580564216216,-0.7712632668406049,24.324324324324326,928668BT8,918423BK9
BAC 5.162 01/24/31,BAC 2.598 04/04/29,6.110147029999993,11.190243727297299,-5.080096697297305,-0.7811618874714653,28.64864864864865,06051GML0,060505FU3
BAC 4.979 01/24/29,BAC 2.598 04/04/29,-4.056852970000001,0.4918810245945946,-4.5487339945945955,-0.794184366167548,27.56756756756757,06051GMK2,060505FU3
RY 5.2 08/01/28,RY 4.642 01/17/28,-9.792322290000001,-7.427652181567567,-2.364670108432434,-0.8210239235673579,18.37837837837838,78016HZS2,780086WG5
RY 5.2 08/01/28,RY 1.833 07/31/28,21.999033330000003,25.695189932702704,-3.6961566027027004,-0.8302898259557819,21.62162162162162,78016HZS2,780086TY0
VW 5.65 09/12/28,VW 4.49 11/19/29,-5.616728359999996,-1.232216046648649,-4.3845123133513475,-0.8554979538100913,23.783783783783786,928668BW1,918423BK9
NACN 4  10/10/29,NACN 5.219 06/14/28,7.881024750000002,11.488047948432435,-3.607023198432433,-0.9189652244024197,23.783783783783786,63307A3B9,63306AHP4
PLD 7  06/15/28,PLD 4.7 03/01/29,5.638614049999994,23.28167027054054,-17.643056220540547,-0.967677612724205,27.027027027027028,74340XBW0,74340XCL3
VW 4.6 06/08/29,VW 5.73 09/20/28,10.695513149999996,15.455483929027027,-4.7599707790270305,-1.01618225816354,16.216216216216218,928668BT8,918423BE3
VW 5.65 09/12/28,VW 4  02/18/28,8.52814051,14.699261681729732,-6.171121171729732,-1.0226700397194226,22.702702702702705,928668BW1,918423BH6
ENBCN 7  03/15/55,ENBCN 4.21 02/22/30,132.02520453,156.87189903675676,-24.846694506756762,-1.023921997848291,23.243243243243246,29250NCG8,29251ZCC9
MET 4.3 08/25/29,MET 2.45 01/12/29,7.409862600000004,12.858672279513515,-5.448809679513511,-1.0285539706597846,17.83783783783784,59217GFD6,592179KB0
VW 4.6 06/08/29,VW 4  02/18/28,15.131696579999996,20.463886002594595,-5.332189422594599,-1.041675007894251,18.37837837837838,928668BT8,918423BH6
BAC 5.819 09/15/29,BAC 2.598 04/04/29,-2.476452970000004,3.4797718354054052,-5.956224805405409,-1.0787719778411151,18.37837837837838,06051GLS6,060505FU3
ENBCN 7  03/15/55,ENBCN 3.9 02/25/30,130.18356845,156.07620365205406,-25.892635202054066,-1.080949677988393,21.62162162162162,29250NCG8,29251ZCG0
VW 5.65 09/12/28,VW 5.73 09/20/28,4.09195708,9.690859608162162,-5.598902528162162,-1.0840095596689703,16.756756756756758,928668BW1,918423BE3
ENBCN 7  03/15/55,ENBCN 4.9 05/26/28,142.41145770000003,172.54815928010814,-30.13670158010811,-1.130362033859888,19.45945945945946,29250NCG8,29251ZCA3
ENBCN 7  03/15/55,ENBCN 3.55 02/25/28,144.36626365,175.03708922200002,-30.670825572000012,-1.1722371004705567,15.675675675675677,29250NCG8,29251ZCF2
ENBCN 7.2 06/27/54,ENBCN 3.1 09/21/33,125.91523141,142.26853015675675,-16.35329874675675,-1.2376806370857603,18.91891891891892,29250NCF0,29251ZBU0
ENBCN 7.2 06/27/54,ENBCN 4.73 08/22/34,102.98767822,123.4775998708108,-20.4899216508108,-1.3408760377878675,16.216216216216218,29250NCF0,29251ZCD7
ENBCN 7.2 06/27/54,ENBCN 6.1 11/09/32,114.40742873,134.60629928043244,-20.19887055043243,-1.3562672848613095,17.2972972972973,29250NCF0,29251ZBW6
ENBCN 7.2 06/27/54,ENBCN 4.56 02/25/35,99.62992164,120.69512959572972,-21.06520795572972,-1.3671141461155258,16.216216216216218,29250NCF0,29251ZCH8
MET 4.3 08/25/29,MET 1.95 03/20/28,7.244451690000005,15.005969104702704,-7.761517414702698,-1.3772737858919168,10.27027027027027,59217GFD6,592179KA2
ENBCN 7.2 06/27/54,ENBCN 5.36 05/26/33,110.2941574,132.0826480735135,-21.788490673513493,-1.4593550850656567,12.972972972972974,29250NCF0,29251ZBZ9
