universe_name,holdings_name,Last,Avg,vs Avg,Z Score,Percentile,universe_cusip,holdings_cusip
WSPCN 4.754 09/12/34,PPLCN 3.53 12/10/31,27.432049989999996,19.04941493735135,8.382635052648645,2.3933393635072298,99.72972972972973,92938WAD5,70632ZAS0
WSPCN 4.754 09/12/34,BMO 4.077 03/05/35,14.734096770000008,5.653840950270269,9.08025581972974,2.145552564366887,99.72972972972973,92938WAD5,06369ZCL6
WSPCN 4.754 09/12/34,GILCN 4.149 11/22/30,16.26942665,8.507755851621623,7.761670798378377,2.1401688230213782,99.72972972972973,92938WAD5,375916AE3
RY 4.642 01/17/28,RY 3.626 12/10/28,-4.767967749999997,-7.62884891237838,2.8608811623783827,2.1385100659015945,98.64864864864865,780086WG5,779926FY5
WSPCN 4.754 09/12/34,RLNCE 5  05/15/31,5.553574429999998,-1.2591961674594605,6.812770597459458,2.123218106357392,99.72972972972973,92938WAD5,759480AN6
WSPCN 4.754 09/12/34,RY 4.829 08/08/34,23.134368519999995,15.98054401535135,7.153824504648645,1.8357133599558966,97.02702702702702,92938WAD5,7800867G3
PLD 5  01/15/31,PPLCN 3.53 12/10/31,-12.25378520000001,-19.31700194124324,7.063216741243231,1.728601051641027,91.08108108108108,74340XCD1,70632ZAS0
DOLCN 5.165 04/26/30,RLNCE 5  05/15/31,-41.25977424,-47.030177486864865,5.770403246864866,1.713188470250569,99.1891891891892,25675TAP2,759480AN6
RY 4.632 05/01/28,RY 4.829 08/08/34,-43.160210320000004,-48.90331179945947,5.743101479459469,1.6746357569464423,97.56756756756756,780086XL3,7800867G3
BIP 5.71 07/27/30,GILCN 4.149 11/22/30,-11.309317640000003,-16.100366336432433,4.79104869643243,1.670923733049651,91.62162162162161,11291ZAM9,375916AE3
PLD 5  01/15/31,GILCN 4.149 11/22/30,-23.416408540000006,-29.85866102697297,6.442252486972965,1.6654584353084785,95.4054054054054,74340XCD1,375916AE3
PLD 5  01/15/31,BMO 4.077 03/05/35,-24.951738419999998,-32.71257592832432,7.760837508324322,1.6417963796258352,91.62162162162161,74340XCD1,06369ZCL6
DOLCN 5.165 04/26/30,GILCN 4.149 11/22/30,-30.543922019999997,-37.26322546778378,6.719303447783787,1.6245579220091484,98.1081081081081,25675TAP2,375916AE3
RY 4.632 05/01/28,BNS 4.68 02/01/29,-3.9540557799999974,-7.675069443891892,3.7210136638918945,1.6210659988315608,95.4054054054054,780086XL3,064164QM1
BIP 5.71 07/27/30,RLNCE 5  05/15/31,-22.025169860000005,-25.867318355513518,3.842148495513513,1.6111667488142447,92.7027027027027,11291ZAM9,759480AN6
RY 4.642 01/17/28,TCN 5  09/08/33,-63.97329926,-69.00974426518918,5.0364450051891865,1.5968032181626504,99.72972972972973,780086WG5,87971MCC5
RY 4.632 05/01/28,GILCN 4.149 11/22/30,-50.02515219,-56.3760999631892,6.350947773189198,1.563124609512798,98.1081081081081,780086XL3,375916AE3
TD 4.002 10/31/30,RY 4.829 08/08/34,-27.842261320000006,-31.06865266610811,3.2263913461081053,1.5545420518621065,94.86486486486486,89116CST5,7800867G3
RY 4.642 01/17/28,RY 4.829 08/08/34,-45.16128925,-52.61498573605405,7.453696486054049,1.5545364450299348,93.24324324324324,780086WG5,7800867G3
SLFCN 5  07/04/35,GILCN 4.149 11/22/30,-15.802426229999995,-20.60602978924324,4.803603559243246,1.5416045349772889,89.45945945945945,86682ZAT3,375916AE3
RY 4.632 05/01/28,CCDJ 3.804 09/24/29,-8.910282680000002,-12.772521320972974,3.862238640972972,1.5315093662561639,97.56756756756756,780086XL3,31430W3J1
RY 4.632 05/01/28,BNS 3.734 06/27/31,-20.946035699999996,-24.496115881837834,3.5500801818378385,1.5308643701262252,91.08108108108108,780086XL3,06418YXB9
RY 4.642 01/17/28,GILCN 4.149 11/22/30,-52.02623112,-60.08777389978379,8.061542779783792,1.5288210892456426,97.02702702702702,780086WG5,375916AE3
DOLCN 5.165 04/26/30,PPLCN 3.53 12/10/31,-19.38129868,-26.721566382054053,7.340267702054053,1.5248312056757143,95.4054054054054,25675TAP2,70632ZAS0
RY 4.642 01/17/28,BNS 4.68 02/01/29,-5.955134709999996,-11.386743380486486,5.43160867048649,1.5218702381386118,93.24324324324324,780086WG5,064164QM1
RY 4.642 01/17/28,BNS 3.836 09/26/30,-16.89557405,-21.02554139978379,4.12996734978379,1.5049191602259633,95.94594594594594,780086WG5,06418MM43
RY 4.642 01/17/28,BNS 3.734 06/27/31,-22.947114629999994,-28.207789818432435,5.26067518843244,1.5035333818111087,91.62162162162161,780086WG5,06418YXB9
PLD 5  01/15/31,RLNCE 5  05/15/31,-34.13226076000001,-39.62561304605405,5.493352286054041,1.5033097571756928,97.02702702702702,74340XCD1,759480AN6
BIP 5.71 07/27/30,RY 4.829 08/08/34,-4.444375770000008,-8.627578172702703,4.183202402702696,1.5031380489842496,90.54054054054053,11291ZAM9,7800867G3
RY 4.632 05/01/28,BNS 3.836 09/26/30,-14.894495120000002,-17.31386746318919,2.4193723431891883,1.4873735198292755,95.4054054054054,780086XL3,06418MM43
TD 5.491 09/08/28,RY 4.829 08/08/34,-40.155115890000005,-43.50825843637838,3.353142546378372,1.4859356725573403,91.08108108108108,89117GX51,7800867G3
RY 4.632 05/01/28,NACN 5.023 02/01/29,-4.287758029999999,-7.732143141189189,3.44438511118919,1.4673176587301662,95.4054054054054,780086XL3,63306AHT6
BIP 5.71 07/27/30,PPLCN 3.53 12/10/31,-0.14669430000000716,-5.558707250702703,5.412012950702696,1.447763470292133,92.7027027027027,11291ZAM9,70632ZAS0
BNS 3.836 09/26/30,RY 4.829 08/08/34,-28.265715200000002,-31.589444336270272,3.32372913627027,1.437138285654252,94.86486486486486,06418MM43,7800867G3
BIP 5.71 07/27/30,BMO 4.077 03/05/35,-12.844647519999995,-18.954281237783785,6.10963371778379,1.4335390246259878,91.62162162162161,11291ZAM9,06369ZCL6
RY 4.642 01/17/28,CCDJ 3.804 09/24/29,-10.91136161,-16.484195257567567,5.572833647567567,1.430063563801328,93.78378378378378,780086WG5,31430W3J1
DOLCN 5.165 04/26/30,BMO 4.077 03/05/35,-32.07925189999999,-40.117140369135136,8.037888469135147,1.42679322090035,94.86486486486486,25675TAP2,06369ZCL6
PLD 5  01/15/31,RY 4.829 08/08/34,-16.55146667000001,-22.385872863243247,5.834406193243236,1.4262737042682245,92.16216216216216,74340XCD1,7800867G3
RY 4.632 05/01/28,BMO 4.077 03/05/35,-51.56048206999999,-59.23001486454055,7.669532794540558,1.4239725713357307,98.64864864864865,780086XL3,06369ZCL6
RY 4.642 01/17/28,NACN 5.023 02/01/29,-6.288836959999998,-11.443817077783786,5.154980117783788,1.4190385718271235,92.7027027027027,780086WG5,63306AHT6
RY 4.642 01/17/28,RLNCE 5  05/15/31,-62.74208334,-69.85472591886487,7.112642578864872,1.4162532891799338,97.02702702702702,780086WG5,759480AN6
CM 4.9 06/12/34,BMO 4.077 03/05/35,-6.1714207599999895,-8.924291409675675,2.7528706496756854,1.4143161714956316,98.64864864864865,13607PBA1,06369ZCL6
RY 4.632 05/01/28,TD 5.491 09/08/28,-3.0050944299999998,-5.3950533630810815,2.3899589330810818,1.412290113010459,98.64864864864865,780086XL3,89117GX51
RY 4.642 01/17/28,TD 4.002 10/31/30,-17.319027929999997,-21.546333069945945,4.227305139945948,1.4112152164933518,92.16216216216216,780086WG5,89116CST5
RY 4.632 05/01/28,TCN 5  09/08/33,-61.97222033,-65.29807032859459,3.3258499985945917,1.4091561756920752,92.7027027027027,780086XL3,87971MCC5
RY 4.632 05/01/28,TD 4.002 10/31/30,-15.317948999999999,-17.83465913335135,2.516710133351353,1.4064299637521391,96.48648648648648,780086XL3,89116CST5
TD 4.002 10/31/30,GILCN 4.149 11/22/30,-34.70720319,-38.541440829837846,3.834237639837845,1.394922396351465,93.78378378378378,89116CST5,375916AE3
WSPCN 4.754 09/12/34,CCDJ 3.804 09/24/29,57.38429616,52.111334493837845,5.2729616661621534,1.3910780462618983,91.62162162162161,92938WAD5,31430W3J1
SLFCN 5  07/04/35,RY 4.829 08/08/34,-8.93748436,-13.133241625513513,4.195757265513514,1.3810401697556864,91.08108108108108,86682ZAT3,7800867G3
RY 4.632 05/01/28,RLNCE 5  05/15/31,-60.74100441,-66.14305198227028,5.402047572270277,1.3801445385413311,98.64864864864865,780086XL3,759480AN6
RY 4.642 01/17/28,BMO 4.077 03/05/35,-53.56156099999999,-62.94168880113514,9.380127801135153,1.3764433010608734,96.48648648648648,780086WG5,06369ZCL6
RY 4.642 01/17/28,TD 5.491 09/08/28,-5.006173359999998,-9.106727299675677,4.100553939675679,1.3757137572792824,95.94594594594594,780086WG5,89117GX51
TD 5.491 09/08/28,GILCN 4.149 11/22/30,-47.02005776,-50.98104660010811,3.960988840108108,1.3591115693475206,88.37837837837837,89117GX51,375916AE3
SLFCN 5  07/04/35,RLNCE 5  05/15/31,-26.518278449999997,-30.372981808324322,3.8547033583243255,1.3476371706692658,89.45945945945945,86682ZAT3,759480AN6
WSPCN 4.754 09/12/34,BNS 4.68 02/01/29,62.34052306,57.20878637091892,5.13173668908108,1.3463493902463184,87.83783783783784,92938WAD5,064164QM1
DOLCN 5.165 04/26/30,RY 4.829 08/08/34,-23.67898015,-29.790437304054056,6.1114571540540545,1.3455008148574195,88.91891891891892,25675TAP2,7800867G3
RY 4.632 05/01/28,PPLCN 3.53 12/10/31,-38.862528850000004,-45.83444087745946,6.971912027459453,1.332483456188679,98.1081081081081,780086XL3,70632ZAS0
RY 4.642 01/17/28,PPLCN 3.53 12/10/31,-40.86360778,-49.54611481405406,8.682507034054055,1.329087334999391,96.48648648648648,780086WG5,70632ZAS0
WSPCN 4.754 09/12/34,NACN 5.023 02/01/29,62.00682081,57.15171267362162,4.855108136378384,1.3041138764015199,85.67567567567568,92938WAD5,63306AHT6
SLFCN 5  07/04/35,BMO 4.077 03/05/35,-17.337756109999987,-23.459944690594597,6.12218858059461,1.2912505571852109,93.24324324324324,86682ZAT3,06369ZCL6
TD 5.491 09/08/28,BMO 4.077 03/05/35,-48.55538763999999,-53.83496150145947,5.279573861459475,1.2859865578464016,90.54054054054053,89117GX51,06369ZCL6
BNS 3.836 09/26/30,GILCN 4.149 11/22/30,-35.13065707,-39.06223249999999,3.931575429999995,1.2855333052629854,94.32432432432432,06418MM43,375916AE3
TD 4.002 10/31/30,BMO 4.077 03/05/35,-36.24253306999999,-41.39535573118919,5.152822661189198,1.2803350051875286,97.56756756756756,89116CST5,06369ZCL6
SLFCN 5  07/04/35,PPLCN 3.53 12/10/31,-4.639802889999999,-10.064370703513513,5.424567813513514,1.275189826105626,85.67567567567568,86682ZAT3,70632ZAS0
WSPCN 4.754 09/12/34,TCN 5  09/08/33,4.322358510000001,-0.4142145137837852,4.736573023783786,1.2549130208519077,87.83783783783784,92938WAD5,87971MCC5
CCDJ 3.804 09/24/29,RY 4.829 08/08/34,-34.24992764,-36.13079047848649,1.880862838486486,1.2122654998473712,89.45945945945945,31430W3J1,7800867G3
HYDONE 4  01/04/35,TCN 5  09/08/33,-33.2470002,-39.507115582270266,6.260115382270264,1.2052099138378987,82.43243243243244,44810ZCS7,87971MCC5
BNS 3.836 09/26/30,BMO 4.077 03/05/35,-36.66598694999999,-41.916147401351346,5.250160451351356,1.2000203745830604,98.64864864864865,06418MM43,06369ZCL6
BNS 4.68 02/01/29,RY 4.829 08/08/34,-39.20615454000001,-41.228242355567566,2.0220878155675592,1.1957965979262797,93.78378378378378,064164QM1,7800867G3
BNS 3.734 06/27/31,RY 4.829 08/08/34,-22.21417462000001,-24.40719591762162,2.1930212976216126,1.1903238731413726,88.91891891891892,06418YXB9,7800867G3
CCDJ 3.804 09/24/29,BMO 4.077 03/05/35,-42.65019938999999,-46.457493543567566,3.8072941535675753,1.1644399689156513,92.7027027027027,31430W3J1,06369ZCL6
WSPCN 4.754 09/12/34,BNS 3.734 06/27/31,45.348543140000004,40.38773993297297,4.960803207027034,1.1615830148333621,83.51351351351352,92938WAD5,06418YXB9
TD 5.491 09/08/28,PPLCN 3.53 12/10/31,-35.857434420000004,-40.43938751437838,4.5819530943783775,1.159244530849014,85.67567567567568,89117GX51,70632ZAS0
HYDONE 4  01/04/35,GILCN 4.149 11/22/30,-21.299932060000003,-30.58514521686487,9.285213156864867,1.1579980321173904,78.10810810810811,44810ZCS7,375916AE3
BIP 5.71 07/27/30,CCDJ 3.804 09/24/29,29.805551869999995,27.503212305783784,2.3023395642162114,1.1461881519800574,83.51351351351352,11291ZAM9,31430W3J1
TD 4.002 10/31/30,PPLCN 3.53 12/10/31,-23.544579850000005,-27.999781744108112,4.455201894108107,1.145585599573574,88.37837837837837,89116CST5,70632ZAS0
CCDJ 3.804 09/24/29,GILCN 4.149 11/22/30,-41.11486951,-43.60357864221621,2.488709132216215,1.134675867385916,91.08108108108108,31430W3J1,375916AE3
HYDONE 4  01/04/35,RY 4.829 08/08/34,-14.434990190000008,-23.11235705313513,8.677366863135124,1.131257605384977,72.70270270270271,44810ZCS7,7800867G3
TD 5.491 09/08/28,RLNCE 5  05/15/31,-57.73590998,-60.74799861918919,3.0120886391891872,1.1165218295165513,90.0,89117GX51,759480AN6
BCECN 4.55 02/09/30,GILCN 4.149 11/22/30,-21.497917279999996,-24.97268876805405,3.474771488054053,1.1047775430178022,90.0,07813ZCL6,375916AE3
HYDONE 4  01/04/35,BMO 4.077 03/05/35,-22.835261939999995,-33.43906011821621,10.603798178216216,1.0993625034416963,73.24324324324324,44810ZCS7,06369ZCL6
TD 4.002 10/31/30,RLNCE 5  05/15/31,-45.42305541,-48.30839284891892,2.885337438918917,1.0923890437336217,89.45945945945945,89116CST5,759480AN6
HYDONE 4  01/04/35,RLNCE 5  05/15/31,-32.015784280000005,-40.35209723594595,8.336312955945942,1.0849537968199199,73.78378378378379,44810ZCS7,759480AN6
RY 4.642 01/17/28,SLFCN 5  07/04/35,-36.223804890000004,-39.481744110540546,3.2579392205405426,1.084620745331369,92.16216216216216,780086WG5,86682ZAT3
BNS 4.68 02/01/29,BMO 4.077 03/05/35,-47.606426289999995,-51.55494542064865,3.9485191306486556,1.0835534396682593,87.83783783783784,064164QM1,06369ZCL6
HYDONE 4  01/04/35,PPLCN 3.53 12/10/31,-10.137308720000007,-20.043486131135133,9.906177411135126,1.0825438596778951,77.56756756756756,44810ZCS7,70632ZAS0
DOLCN 5.165 04/26/30,BNS 4.68 02/01/29,15.527174390000006,11.437805051513513,4.0893693384864935,1.0811264823390796,82.97297297297297,25675TAP2,064164QM1
BNS 3.836 09/26/30,PPLCN 3.53 12/10/31,-23.968033730000002,-28.520573414270277,4.552539684270275,1.077526208480344,93.78378378378378,06418MM43,70632ZAS0
BNS 3.734 06/27/31,GILCN 4.149 11/22/30,-29.079116490000004,-31.879984081351353,2.8008675913513486,1.0673064398256342,90.0,06418YXB9,375916AE3
BCECN 4.55 02/09/30,RY 4.829 08/08/34,-14.63297541,-17.499900604324324,2.866925194324324,1.0656843386181003,82.97297297297297,07813ZCL6,7800867G3
BNS 3.734 06/27/31,BMO 4.077 03/05/35,-30.614446369999996,-34.733898982702705,4.119452612702709,1.0615153538439985,92.7027027027027,06418YXB9,06369ZCL6
RY 3.626 12/10/28,RY 4.829 08/08/34,-40.393321500000006,-44.98613682367568,4.592815323675673,1.058287553933345,90.0,779926FY5,7800867G3
TD 5.491 09/08/28,CCDJ 3.804 09/24/29,-5.905188250000002,-7.377467957891891,1.4722797078918894,1.0500733706792316,83.51351351351352,89117GX51,31430W3J1
DOLCN 5.165 04/26/30,TCN 5  09/08/33,-42.490990159999996,-46.18519583318919,3.6942056731891952,1.0499432149058399,87.29729729729729,25675TAP2,87971MCC5
DOLCN 5.165 04/26/30,CCDJ 3.804 09/24/29,10.570947490000002,6.340353174432432,4.230594315567569,1.0493974128601091,82.43243243243244,25675TAP2,31430W3J1
RY 3.626 12/10/28,GILCN 4.149 11/22/30,-47.25826337,-52.45892498740541,5.200661617405409,1.0466432489503585,83.51351351351352,779926FY5,375916AE3
HYDONE 4  01/04/35,BNS 4.68 02/01/29,24.77116435,18.115885302432435,6.655279047567564,1.037119181709609,72.16216216216216,44810ZCS7,064164QM1
BNS 4.68 02/01/29,GILCN 4.149 11/22/30,-46.07109641,-48.701030519297305,2.6299341092973023,1.033276047212783,86.21621621621621,064164QM1,375916AE3
RY 4.642 01/17/28,RY 4.632 05/01/28,-2.0010789299999985,-3.711673936594595,1.7105950065945965,1.0308919984003329,87.83783783783784,780086WG5,780086XL3
BNS 3.836 09/26/30,RLNCE 5  05/15/31,-45.84650929,-48.829184519081075,2.9826752290810745,1.0238820010266836,88.91891891891892,06418MM43,759480AN6
RY 3.626 12/10/28,BMO 4.077 03/05/35,-48.793593249999994,-55.312839888756756,6.519246638756762,1.0188926329458257,90.54054054054053,779926FY5,06369ZCL6
DOLCN 5.165 04/26/30,NACN 5.023 02/01/29,15.193472140000004,11.380731354216216,3.812740785783788,1.0175388029083479,81.89189189189189,25675TAP2,63306AHT6
BCECN 4.55 02/09/30,BMO 4.077 03/05/35,-23.033247159999988,-27.8266036694054,4.793356509405413,1.0135681895119986,81.89189189189189,07813ZCL6,06369ZCL6
WSPCN 4.754 09/12/34,TD 4.002 10/31/30,50.97662984,47.04919668145946,3.9274331585405378,1.0119834613870393,84.05405405405405,92938WAD5,89116CST5
HYDONE 4  01/04/35,BNS 3.734 06/27/31,7.779184430000001,1.2948388644864874,6.484345565513514,1.0072141717333527,72.16216216216216,44810ZCS7,06418YXB9
CCDJ 3.804 09/24/29,PPLCN 3.53 12/10/31,-29.952246170000002,-33.06191955648649,3.1096733864864845,1.0030338709727649,86.75675675675676,31430W3J1,70632ZAS0
TD 5.491 09/08/28,BNS 4.68 02/01/29,-0.9489613499999976,-2.2800160808108108,1.3310547308108132,0.9995056340633096,82.43243243243244,89117GX51,064164QM1
TD 4.002 10/31/30,BNS 4.68 02/01/29,11.363893220000001,10.159589689459459,1.2043035305405425,0.995994016062888,87.29729729729729,89116CST5,064164QM1
WSPCN 4.754 09/12/34,TD 5.491 09/08/28,63.28948441,59.488802451729725,3.8006819582702747,0.9949710267725022,86.75675675675676,92938WAD5,89117GX51
PLD 5  01/15/31,TCN 5  09/08/33,-35.363476680000005,-38.78063139237838,3.4171547123783768,0.9866471432898802,81.35135135135135,74340XCD1,87971MCC5
PLD 5  01/15/31,CCDJ 3.804 09/24/29,17.698460969999992,13.744917615243242,3.95354335475675,0.9853884860653883,85.13513513513513,74340XCD1,31430W3J1
HYDONE 4  01/04/35,NACN 5.023 02/01/29,24.437462099999998,18.058811605135134,6.378650494864864,0.9850658297539026,72.16216216216216,44810ZCS7,63306AHT6
PLD 5  01/15/31,BNS 4.68 02/01/29,22.654687869999997,18.842369492324327,3.8123183776756697,0.983730661790862,87.29729729729729,74340XCD1,064164QM1
HYDONE 4  01/04/35,CCDJ 3.804 09/24/29,19.814937449999995,13.01843342535135,6.796504024648645,0.9797787139717526,72.16216216216216,44810ZCS7,31430W3J1
BIP 5.71 07/27/30,BNS 4.68 02/01/29,34.76177877,32.60066418286486,2.1611145871351383,0.9750534700723777,83.51351351351352,11291ZAM9,064164QM1
DOLCN 5.165 04/26/30,BNS 3.734 06/27/31,-1.4648055299999925,-5.383241386432432,3.9184358564324393,0.9707943266984793,78.64864864864865,25675TAP2,06418YXB9
CM 4.9 06/12/34,PPLCN 3.53 12/10/31,6.5265324599999985,4.471282577405405,2.0552498825945937,0.9581548429339548,82.97297297297297,13607PBA1,70632ZAS0
BCECN 4.55 02/09/30,PPLCN 3.53 12/10/31,-10.33529394,-14.431029682324324,4.095735742324324,0.9486720038080043,91.08108108108108,07813ZCL6,70632ZAS0
BNS 4.68 02/01/29,PPLCN 3.53 12/10/31,-34.90847307000001,-38.15937143356757,3.250898363567565,0.9444295622957566,85.13513513513513,064164QM1,70632ZAS0
BNS 3.836 09/26/30,BNS 4.68 02/01/29,10.940439340000005,9.638798019297298,1.301641320702707,0.9312619030444841,85.67567567567568,06418MM43,064164QM1
HYDONE 4  01/04/35,BNS 3.836 09/26/30,13.830725009999995,8.477087283135134,5.353637726864861,0.9309590086239459,71.62162162162163,44810ZCS7,06418MM43
RY 3.626 12/10/28,PPLCN 3.53 12/10/31,-36.095640030000006,-41.91726590167568,5.821625871675671,0.9303386942915496,80.8108108108108,779926FY5,70632ZAS0
HYDONE 4  01/04/35,TD 4.002 10/31/30,13.407271129999998,7.956295612972974,5.450975517027024,0.9269124915085744,71.62162162162163,44810ZCS7,89116CST5
SLFCN 5  07/04/35,BNS 4.68 02/01/29,30.268670180000008,28.095000730054057,2.173669449945951,0.9222904434121947,79.1891891891892,86682ZAT3,064164QM1
BNS 3.734 06/27/31,PPLCN 3.53 12/10/31,-17.916493150000008,-21.338324995621626,3.421831845621618,0.9154516104064393,87.29729729729729,06418YXB9,70632ZAS0
SLFCN 5  07/04/35,BNS 3.734 06/27/31,13.27669026000001,11.273954292108112,2.0027359678918977,0.912541167171723,77.56756756756756,86682ZAT3,06418YXB9
SLFCN 5  07/04/35,CCDJ 3.804 09/24/29,25.312443280000004,22.997548852972976,2.3148944270270277,0.9121625768148478,79.72972972972973,86682ZAT3,31430W3J1
PLD 5  01/15/31,NACN 5.023 02/01/29,22.320985619999995,18.78529579502703,3.535689824972966,0.9102587940776383,81.89189189189189,74340XCD1,63306AHT6
HYDONE 4  01/04/35,RY 3.626 12/10/28,25.95833131,21.87377977054054,4.084551539459458,0.9076298128030821,73.24324324324324,44810ZCS7,779926FY5
TD 4.002 10/31/30,CCDJ 3.804 09/24/29,6.407666319999997,5.062137812378379,1.3455285076216184,0.9043496820888423,84.5945945945946,89116CST5,31430W3J1
HYDONE 4  01/04/35,TD 5.491 09/08/28,25.720125699999997,20.395901383243242,5.324224316756755,0.9022567825183596,68.91891891891892,44810ZCS7,89117GX51
RY 4.642 01/17/28,BIP 5.71 07/27/30,-40.716913479999995,-43.987407563351354,3.270494083351359,0.9021267283212484,87.83783783783784,780086WG5,11291ZAM9
BIP 5.71 07/27/30,NACN 5.023 02/01/29,34.42807652,32.54359048556757,1.8844860344324275,0.8925501623925237,80.8108108108108,11291ZAM9,63306AHT6
WSPCN 4.754 09/12/34,BNS 3.836 09/26/30,51.40008372,47.56998835162162,3.8300953683783803,0.8924487585902642,84.5945945945946,92938WAD5,06418MM43
TCN 5  09/08/33,BMO 4.077 03/05/35,10.411738260000007,6.068055464054054,4.343682795945953,0.8909648363086297,68.91891891891892,87971MCC5,06369ZCL6
TCN 5  09/08/33,GILCN 4.149 11/22/30,11.947068139999999,8.921970365405407,3.0250977745945917,0.8776960728753147,74.86486486486487,87971MCC5,375916AE3
RY 3.626 12/10/28,RLNCE 5  05/15/31,-57.974115590000004,-62.22587700648649,4.251761416486488,0.8747750422171872,84.5945945945946,779926FY5,759480AN6
WSPCN 4.754 09/12/34,BIP 5.71 07/27/30,27.578744290000003,24.60812218805405,2.9706221019459527,0.8742709682400538,83.51351351351352,92938WAD5,11291ZAM9
BNS 3.836 09/26/30,CCDJ 3.804 09/24/29,5.98421244,4.541346142216217,1.442866297783783,0.8619855217457072,84.05405405405405,06418MM43,31430W3J1
BNS 3.836 09/26/30,BNS 3.734 06/27/31,-6.051540579999994,-7.182248418648647,1.1307078386486529,0.8618019760641576,83.51351351351352,06418MM43,06418YXB9
TD 5.491 09/08/28,NACN 5.023 02/01/29,-1.2826635999999993,-2.3370897781081075,1.0544261781081081,0.8483846826036991,80.8108108108108,89117GX51,63306AHT6
TCN 5  09/08/33,PPLCN 3.53 12/10/31,23.109691479999995,19.463629451135137,3.6460620288648578,0.8389062954702899,74.32432432432432,87971MCC5,70632ZAS0
BIP 5.71 07/27/30,BNS 3.734 06/27/31,17.76979885,15.779617744918918,1.9901811050810831,0.837977814033562,79.1891891891892,11291ZAM9,06418YXB9
TD 4.002 10/31/30,NACN 5.023 02/01/29,11.03019097,10.102515992162163,0.927674977837837,0.8375351540636461,79.1891891891892,89116CST5,63306AHT6
SLFCN 5  07/04/35,NACN 5.023 02/01/29,29.934967930000006,28.037927032756755,1.8970408972432509,0.832033045580227,74.86486486486487,86682ZAT3,63306AHT6
PLD 5  01/15/31,BNS 3.734 06/27/31,5.662707949999998,2.021323054378379,3.641384895621619,0.8314520307338206,79.72972972972973,74340XCD1,06418YXB9
WSPCN 4.754 09/12/34,SLFCN 5  07/04/35,32.071852879999994,29.113785640864865,2.9580672391351293,0.8279650499064062,73.78378378378379,92938WAD5,86682ZAT3
HYDONE 4  01/04/35,SLFCN 5  07/04/35,-5.497505830000009,-9.979115427621622,4.481609597621613,0.8229191571446783,71.62162162162163,44810ZCS7,86682ZAT3
RY 4.632 05/01/28,RY 3.626 12/10/28,-2.7668888199999984,-3.917174975783784,1.1502861557837858,0.8102821705319728,79.1891891891892,780086XL3,779926FY5
RY 4.829 08/08/34,BMO 4.077 03/05/35,-8.400271749999987,-10.326703065081082,1.9264313150810946,0.8080176734717928,74.32432432432432,7800867G3,06369ZCL6
TD 4.002 10/31/30,BNS 3.734 06/27/31,-5.628086699999997,-6.661456748486486,1.0333700484864892,0.8018415108979536,77.56756756756756,89116CST5,06418YXB9
TCN 5  09/08/33,RY 4.829 08/08/34,18.812010009999995,16.394758529135135,2.4172514808648593,0.7991049201433785,72.16216216216216,87971MCC5,7800867G3
BCECN 4.55 02/09/30,RLNCE 5  05/15/31,-32.2137695,-34.73964078713514,2.525871287135139,0.7986128408245523,86.75675675675676,07813ZCL6,759480AN6
RY 3.626 12/10/28,BNS 4.68 02/01/29,-1.187166959999999,-3.7578944681081086,2.5707275081081096,0.7869255416396875,81.89189189189189,779926FY5,064164QM1
RY 3.626 12/10/28,BNS 3.734 06/27/31,-18.179146879999998,-20.578940906054054,2.3997940260540567,0.782936930607104,78.10810810810811,779926FY5,06418YXB9
DOLCN 5.165 04/26/30,TD 4.002 10/31/30,4.163281170000005,1.2782153620540537,2.885065807945951,0.779711370091766,79.72972972972973,25675TAP2,89116CST5
TD 5.491 09/08/28,BNS 3.734 06/27/31,-17.940941269999996,-19.101062518756756,1.1601212487567594,0.7791088639660554,80.8108108108108,89117GX51,06418YXB9
CM 4.9 06/12/34,GILCN 4.149 11/22/30,-4.636090879999998,-6.070376508324324,1.4342856283243268,0.7766190572833765,80.8108108108108,13607PBA1,375916AE3
RY 3.626 12/10/28,CCDJ 3.804 09/24/29,-6.143393860000003,-8.85534634518919,2.7119524851891867,0.7648006820127392,77.02702702702703,779926FY5,31430W3J1
DOLCN 5.165 04/26/30,TD 5.491 09/08/28,16.476135740000004,13.717821132324325,2.758314607675679,0.743667781202066,81.35135135135135,25675TAP2,89117GX51
BNS 3.836 09/26/30,NACN 5.023 02/01/29,10.606737090000003,9.581724322000001,1.0250127680000016,0.7404044987794032,73.24324324324324,06418MM43,63306AHT6
SLFCN 5  07/04/35,TCN 5  09/08/33,-27.749494369999994,-29.528000154648648,1.7785057846486545,0.7381194629775024,81.89189189189189,86682ZAT3,87971MCC5
BNS 3.734 06/27/31,RLNCE 5  05/15/31,-39.794968710000006,-41.646936100432434,1.8519673904324279,0.7337852732783036,79.72972972972973,06418YXB9,759480AN6
CCDJ 3.804 09/24/29,RLNCE 5  05/15/31,-51.83072173,-53.3705306612973,1.5398089312973013,0.7304395506788799,79.72972972972973,31430W3J1,759480AN6
BNS 4.68 02/01/29,RLNCE 5  05/15/31,-56.786948630000005,-58.46798253837838,1.6810339083783745,0.7216554934785893,80.27027027027027,064164QM1,759480AN6
HYDONE 4  01/04/35,BIP 5.71 07/27/30,-9.99061442,-14.484778880432431,4.494164460432431,0.719923359805554,71.08108108108108,44810ZCS7,11291ZAM9
BIP 5.71 07/27/30,TCN 5  09/08/33,-23.256385780000002,-25.02233670183784,1.7659509218378382,0.719011185314832,76.48648648648648,11291ZAM9,87971MCC5
DOLCN 5.165 04/26/30,BNS 3.836 09/26/30,4.5867350500000015,1.7990070322162148,2.7877280177837864,0.7117926459754104,76.48648648648648,25675TAP2,06418MM43
RY 3.626 12/10/28,NACN 5.023 02/01/29,-1.5208692100000007,-3.8149681654054053,2.2940989554054045,0.6864053057854634,72.70270270270271,779926FY5,63306AHT6
PLD 5  01/15/31,TD 4.002 10/31/30,11.290794649999995,8.682779802864864,2.6080148471351308,0.6752732761762192,71.62162162162163,74340XCD1,89116CST5
RY 3.626 12/10/28,TCN 5  09/08/33,-59.20533151,-61.38089535281081,2.17556384281081,0.6747204389475241,74.32432432432432,779926FY5,87971MCC5
RY 4.632 05/01/28,SLFCN 5  07/04/35,-34.222725960000005,-35.77007017394595,1.547344213945948,0.6613764923110903,79.1891891891892,780086XL3,86682ZAT3
RY 4.642 01/17/28,RCICN 3  04/15/29,-29.17535299,-30.841736549675673,1.6663835596756726,0.6581235470303406,69.45945945945947,780086WG5,775109BT7
DOLCN 5.165 04/26/30,SLFCN 5  07/04/35,-14.741495790000002,-16.657195678540543,1.9156998885405407,0.6532793202983642,75.4054054054054,25675TAP2,86682ZAT3
TCN 5  09/08/33,RLNCE 5  05/15/31,1.2312159199999968,-0.8449816536756753,2.076197573675672,0.6465058336323197,73.24324324324324,87971MCC5,759480AN6
PLD 5  01/15/31,TD 5.491 09/08/28,23.603649219999994,21.122385573135134,2.4812636468648606,0.636886290538651,73.78378378378379,74340XCD1,89117GX51
WSPCN 4.754 09/12/34,PLD 5  01/15/31,39.685835190000006,38.36641687859459,1.319418311405414,0.6233947978885302,74.32432432432432,92938WAD5,74340XCD1
CM 4.9 06/12/34,RY 4.829 08/08/34,2.228850989999998,1.4024116554054051,0.8264393345945928,0.6216075649226652,74.32432432432432,13607PBA1,7800867G3
HYDONE 4  01/04/35,RY 4.632 05/01/28,28.725220129999997,25.790954746324328,2.934265383675669,0.5982916142223154,68.37837837837839,44810ZCS7,780086XL3
DOLCN 5.165 04/26/30,BIP 5.71 07/27/30,-19.234604379999993,-21.162859131351354,1.9282547513513606,0.5944595429146079,71.62162162162163,25675TAP2,11291ZAM9
HYDONE 4  01/04/35,RCICN 3  04/15/29,1.5509460699999948,-1.3391078667567555,2.8900539367567504,0.5918643676538339,71.62162162162163,44810ZCS7,775109BT7
PLD 5  01/15/31,BNS 3.836 09/26/30,11.714248529999992,9.203571473027026,2.510677056972966,0.5870531323863657,64.05405405405405,74340XCD1,06418MM43
RY 4.632 05/01/28,BIP 5.71 07/27/30,-38.71583455,-40.27573362675676,1.5598990767567642,0.5806556086366824,67.83783783783784,780086XL3,11291ZAM9
RY 3.626 12/10/28,BNS 3.836 09/26/30,-12.127606300000004,-13.396692487405407,1.269086187405403,0.5393559167425925,67.29729729729729,779926FY5,06418MM43
SLFCN 5  07/04/35,TD 4.002 10/31/30,18.904776960000007,17.935411040594595,0.9693659194054121,0.5363840016241177,71.62162162162163,86682ZAT3,89116CST5
RY 3.626 12/10/28,TD 4.002 10/31/30,-12.55106018,-13.917484157567568,1.3664239775675675,0.5049139512118419,56.486486486486484,779926FY5,89116CST5
RY 4.829 08/08/34,PPLCN 3.53 12/10/31,4.297681470000001,3.0688709220000003,1.2288105480000002,0.49232455940827885,61.35135135135135,7800867G3,70632ZAS0
BIP 5.71 07/27/30,TD 5.491 09/08/28,35.71074012,34.88068026367567,0.8300598563243256,0.48737384935314665,69.45945945945947,11291ZAM9,89117GX51
PLD 5  01/15/31,SLFCN 5  07/04/35,-7.6139823100000115,-9.25263123772973,1.6386489277297187,0.48031219246332285,68.91891891891892,74340XCD1,86682ZAT3
BIP 5.71 07/27/30,TD 4.002 10/31/30,23.397885549999998,22.441074493405406,0.9568110565945922,0.4753776300435267,66.75675675675676,11291ZAM9,89116CST5
BCECN 4.55 02/09/30,CCDJ 3.804 09/24/29,19.616952230000003,18.63088987416216,0.9860623558378414,0.46589296318147266,75.94594594594595,07813ZCL6,31430W3J1
BCECN 4.55 02/09/30,BNS 4.68 02/01/29,24.573179130000007,23.728341751243242,0.8448373787567647,0.4644675164135699,67.83783783783784,07813ZCL6,064164QM1
PLD 5  01/15/31,BIP 5.71 07/27/30,-12.107090900000003,-13.75829469054054,1.6512037905405368,0.45832739555474766,59.72972972972973,74340XCD1,11291ZAM9
TD 5.491 09/08/28,TCN 5  09/08/33,-58.9671259,-59.90301696551352,0.9358910655135233,0.4531554449488602,59.72972972972973,89117GX51,87971MCC5
RY 3.626 12/10/28,TD 5.491 09/08/28,-0.2382056100000014,-1.4778783872972978,1.2396727772972964,0.4519302111096775,56.486486486486484,779926FY5,89117GX51
BNS 3.836 09/26/30,TCN 5  09/08/33,-47.07772521,-47.9842028654054,0.9064776554054035,0.4403209353309141,68.91891891891892,06418MM43,87971MCC5
SLFCN 5  07/04/35,TD 5.491 09/08/28,31.217631530000006,30.375016810864864,0.8426147191351419,0.4300520823294288,63.51351351351351,86682ZAT3,89117GX51
WSPCN 4.754 09/12/34,RY 3.626 12/10/28,63.52769002,60.96668083902703,2.561009180972974,0.42897504179214324,74.86486486486487,92938WAD5,779926FY5
TD 4.002 10/31/30,TCN 5  09/08/33,-46.65427133,-47.46341119524324,0.8091398652432389,0.4264462322397663,66.21621621621621,89116CST5,87971MCC5
SLFCN 5  07/04/35,BNS 3.836 09/26/30,19.328230840000003,18.456202710756756,0.8720281292432475,0.42394611509969166,62.43243243243243,86682ZAT3,06418MM43
HYDONE 4  01/04/35,DOLCN 5.165 04/26/30,9.243989959999993,6.678080250918919,2.5659097090810743,0.42155594586690087,60.27027027027027,44810ZCS7,25675TAP2
HYDONE 4  01/04/35,PLD 5  01/15/31,2.116476480000003,-0.7264841898918917,2.8429606698918946,0.4153637262223886,51.08108108108108,44810ZCS7,74340XCD1
BIP 5.71 07/27/30,BNS 3.836 09/26/30,23.821339429999995,22.961866163567567,0.8594732664324276,0.4030058732403387,67.83783783783784,11291ZAM9,06418MM43
PPLCN 3.53 12/10/31,BMO 4.077 03/05/35,-12.697953219999988,-13.39557398708108,0.6976207670810926,0.38608118574206035,60.810810810810814,70632ZAS0,06369ZCL6
BCECN 4.55 02/09/30,BNS 3.734 06/27/31,7.581199210000008,6.907295313297299,0.6739038967027096,0.3737351854931355,61.891891891891895,07813ZCL6,06418YXB9
WSPCN 4.754 09/12/34,DOLCN 5.165 04/26/30,46.813348669999996,45.77098131940541,1.0423673505945885,0.35832014563919434,71.62162162162163,92938WAD5,25675TAP2
HYDONE 4  01/04/35,RY 4.642 01/17/28,30.726299059999995,29.502628682918925,1.2236703770810706,0.32806250362874023,66.75675675675676,44810ZCS7,780086WG5
RY 4.642 01/17/28,PLD 5  01/15/31,-28.609822579999992,-30.22911287281081,1.6192902928108168,0.3086743774081514,59.72972972972973,780086WG5,74340XCD1
RY 4.829 08/08/34,GILCN 4.149 11/22/30,-6.864941869999996,-7.47278816372973,0.6078462937297342,0.30831211284058246,56.486486486486484,7800867G3,375916AE3
WSPCN 4.754 09/12/34,RCICN 3  04/15/29,39.12030478,37.75379320172973,1.36651157827027,0.30513266673490147,69.45945945945947,92938WAD5,775109BT7
WSPCN 4.754 09/12/34,RY 4.632 05/01/28,66.29457884,64.88385581481081,1.410723025189185,0.29316770378792495,71.08108108108108,92938WAD5,780086XL3
DOLCN 5.165 04/26/30,RY 3.626 12/10/28,16.714341350000005,15.195699519621622,1.5186418303783835,0.2929949470129837,80.8108108108108,25675TAP2,779926FY5
BCECN 4.55 02/09/30,TCN 5  09/08/33,-33.444985419999995,-33.894659133459456,0.44967371345946106,0.29090882580221294,64.05405405405405,07813ZCL6,87971MCC5
BCECN 4.55 02/09/30,NACN 5.023 02/01/29,24.239476880000005,23.67126805394594,0.5682088260540645,0.28836486566260894,61.891891891891895,07813ZCL6,63306AHT6
RY 4.642 01/17/28,DOLCN 5.165 04/26/30,-21.482309100000002,-22.824548431999997,1.3422393319999948,0.2868292083992791,50.54054054054053,780086WG5,25675TAP2
BNS 3.734 06/27/31,CCDJ 3.804 09/24/29,12.035753019999994,11.723594560864864,0.3121584591351301,0.22779512605253513,62.43243243243243,06418YXB9,31430W3J1
CM 4.9 06/12/34,RLNCE 5  05/15/31,-15.3519431,-15.837328527405404,0.48538542740540436,0.22362247927998313,67.83783783783784,13607PBA1,759480AN6
PLD 5  01/15/31,RY 3.626 12/10/28,23.841854829999996,22.600263960432436,1.2415908695675597,0.2219334737328901,62.43243243243243,74340XCD1,779926FY5
TCN 5  09/08/33,CCDJ 3.804 09/24/29,53.06193765,52.52554900762162,0.5363886423783768,0.21980749762406035,57.027027027027025,87971MCC5,31430W3J1
TCN 5  09/08/33,BNS 4.68 02/01/29,58.01816455,57.6230008847027,0.3951636652973036,0.20448439809402635,55.4054054054054,87971MCC5,064164QM1
HYDONE 4  01/04/35,WSPCN 4.754 09/12/34,-37.56935871,-39.09290106848649,1.5235423584864876,0.20378790875261482,41.891891891891895,44810ZCS7,92938WAD5
BNS 3.734 06/27/31,BNS 4.68 02/01/29,16.99197992,16.821046437945945,0.17093348205405334,0.13781890272585853,56.486486486486484,06418YXB9,064164QM1
BNS 3.836 09/26/30,TD 4.002 10/31/30,-0.42345387999999673,-0.5207916701621611,0.09733779016216437,0.13427093677987698,59.72972972972973,06418MM43,89116CST5
BNS 4.68 02/01/29,CCDJ 3.804 09/24/29,-4.956226900000004,-5.097451877081081,0.14122497708107673,0.12981654616999036,62.43243243243243,064164QM1,31430W3J1
RY 3.626 12/10/28,SLFCN 5  07/04/35,-31.455837140000007,-31.85289519816216,0.3970580581621519,0.12750841755926187,44.054054054054056,779926FY5,86682ZAT3
TD 5.491 09/08/28,TD 4.002 10/31/30,-12.312854569999999,-12.439605770270267,0.12675120027026843,0.12235377186813493,58.108108108108105,89117GX51,89116CST5
RY 3.626 12/10/28,BIP 5.71 07/27/30,-35.94894573,-36.35855865097298,0.4096129209729824,0.11211678859068994,43.513513513513516,779926FY5,11291ZAM9
TCN 5  09/08/33,BNS 3.734 06/27/31,41.02618463,40.80195444675676,0.22423018324324318,0.09672987256909682,60.810810810810814,87971MCC5,06418YXB9
DOLCN 5.165 04/26/30,RY 4.632 05/01/28,19.481230170000003,19.112874495405404,0.36835567459459995,0.08391738308138064,55.945945945945944,25675TAP2,780086XL3
DOLCN 5.165 04/26/30,PLD 5  01/15/31,-7.12751347999999,-7.4045644408108116,0.27705096081082115,0.08384134131583758,44.054054054054056,25675TAP2,74340XCD1
DOLCN 5.165 04/26/30,RCICN 3  04/15/29,-7.693043889999998,-8.017188117675675,0.3241442276756761,0.07970193390793488,64.5945945945946,25675TAP2,775109BT7
TCN 5  09/08/33,NACN 5.023 02/01/29,57.6844623,57.56592718740541,0.11853511259459282,0.057750596198325656,56.486486486486484,87971MCC5,63306AHT6
RY 4.642 01/17/28,WSPCN 4.754 09/12/34,-68.29565776999999,-68.59552975140541,0.29987198140541693,0.052932522946957904,38.108108108108105,780086WG5,92938WAD5
TD 5.491 09/08/28,BNS 3.836 09/26/30,-11.889400690000002,-11.918814100108108,0.02941341010810561,0.02573065875200655,52.702702702702695,89117GX51,06418MM43
PLD 5  01/15/31,RY 4.632 05/01/28,26.608743649999994,26.517438936216216,0.09130471378377791,0.020339532854195947,44.5945945945946,74340XCD1,780086XL3
PLD 5  01/15/31,RCICN 3  04/15/29,-0.565530410000008,-0.6126236768648643,0.047093266864856265,0.011383254532789194,45.67567567567568,74340XCD1,775109BT7
SLFCN 5  07/04/35,BIP 5.71 07/27/30,-4.493108589999991,-4.505663452810811,0.012554862810819856,0.005665065966208231,48.37837837837838,86682ZAT3,11291ZAM9
BIP 5.71 07/27/30,SLFCN 5  07/04/35,4.493108589999991,4.505663452810811,-0.012554862810819856,-0.005665065966208231,52.16216216216216,11291ZAM9,86682ZAT3
RY 4.632 05/01/28,PLD 5  01/15/31,-26.608743649999994,-26.517438936216216,-0.09130471378377791,-0.020339532854195947,55.945945945945944,780086XL3,74340XCD1
RY 4.632 05/01/28,RCICN 3  04/15/29,-27.174274060000002,-27.13006261308108,-0.04421144691892209,-0.022945283621496067,50.54054054054053,780086XL3,775109BT7
BNS 3.836 09/26/30,TD 5.491 09/08/28,11.889400690000002,11.918814100108108,-0.02941341010810561,-0.02573065875200655,47.83783783783784,06418MM43,89117GX51
WSPCN 4.754 09/12/34,RY 4.642 01/17/28,68.29565776999999,68.59552975140541,-0.29987198140541693,-0.052932522946957904,62.43243243243243,92938WAD5,780086WG5
PLD 5  01/15/31,DOLCN 5.165 04/26/30,7.12751347999999,7.4045644408108116,-0.27705096081082115,-0.08384134131583758,56.486486486486484,74340XCD1,25675TAP2
RY 4.632 05/01/28,DOLCN 5.165 04/26/30,-19.481230170000003,-19.112874495405404,-0.36835567459459995,-0.08391738308138064,44.5945945945946,780086XL3,25675TAP2
BNS 3.734 06/27/31,NACN 5.023 02/01/29,16.658277669999997,16.763972740648647,-0.10569507064865036,-0.08781735099035429,41.351351351351354,06418YXB9,63306AHT6
BNS 3.734 06/27/31,TCN 5  09/08/33,-41.02618463,-40.80195444675676,-0.22423018324324318,-0.09672987256909682,39.729729729729726,06418YXB9,87971MCC5
BIP 5.71 07/27/30,RY 3.626 12/10/28,35.94894573,36.35855865097298,-0.4096129209729824,-0.11211678859068994,57.027027027027025,11291ZAM9,779926FY5
TD 4.002 10/31/30,TD 5.491 09/08/28,12.312854569999999,12.439605770270267,-0.12675120027026843,-0.12235377186813493,42.432432432432435,89116CST5,89117GX51
SLFCN 5  07/04/35,RY 3.626 12/10/28,31.455837140000007,31.85289519816216,-0.3970580581621519,-0.12750841755926187,56.486486486486484,86682ZAT3,779926FY5
CCDJ 3.804 09/24/29,BNS 4.68 02/01/29,4.956226900000004,5.097451877081081,-0.14122497708107673,-0.12981654616999036,38.108108108108105,31430W3J1,064164QM1
TD 4.002 10/31/30,BNS 3.836 09/26/30,0.42345387999999673,0.5207916701621611,-0.09733779016216437,-0.13427093677987698,40.81081081081081,89116CST5,06418MM43
BNS 4.68 02/01/29,BNS 3.734 06/27/31,-16.99197992,-16.821046437945945,-0.17093348205405334,-0.13781890272585853,44.054054054054056,064164QM1,06418YXB9
RY 4.829 08/08/34,RLNCE 5  05/15/31,-17.580794089999998,-17.23974018281081,-0.34105390718918827,-0.15359038501250247,42.432432432432435,7800867G3,759480AN6
WSPCN 4.754 09/12/34,HYDONE 4  01/04/35,37.56935871,39.09290106848649,-1.5235423584864876,-0.20378790875261482,58.648648648648646,92938WAD5,44810ZCS7
BNS 4.68 02/01/29,TCN 5  09/08/33,-58.01816455,-57.6230008847027,-0.3951636652973036,-0.20448439809402635,45.13513513513514,064164QM1,87971MCC5
CCDJ 3.804 09/24/29,TCN 5  09/08/33,-53.06193765,-52.52554900762162,-0.5363886423783768,-0.21980749762406035,43.513513513513516,31430W3J1,87971MCC5
RY 3.626 12/10/28,PLD 5  01/15/31,-23.841854829999996,-22.600263960432436,-1.2415908695675597,-0.2219334737328901,38.108108108108105,779926FY5,74340XCD1
CCDJ 3.804 09/24/29,BNS 3.734 06/27/31,-12.035753019999994,-11.723594560864864,-0.3121584591351301,-0.22779512605253513,38.108108108108105,31430W3J1,06418YXB9
BCECN 4.55 02/09/30,TD 4.002 10/31/30,13.209285910000006,13.568752061783789,-0.35946615178378316,-0.2320538930576589,42.972972972972975,07813ZCL6,89116CST5
BCECN 4.55 02/09/30,TD 5.491 09/08/28,25.522140480000004,26.008357832054056,-0.4862173520540516,-0.2592936626789755,54.864864864864856,07813ZCL6,89117GX51
DOLCN 5.165 04/26/30,RY 4.642 01/17/28,21.482309100000002,22.824548431999997,-1.3422393319999948,-0.2868292083992791,50.0,25675TAP2,780086WG5
RY 3.626 12/10/28,DOLCN 5.165 04/26/30,-16.714341350000005,-15.195699519621622,-1.5186418303783835,-0.2929949470129837,19.72972972972973,779926FY5,25675TAP2
RY 4.632 05/01/28,WSPCN 4.754 09/12/34,-66.29457884,-64.88385581481081,-1.410723025189185,-0.29316770378792495,29.45945945945946,780086XL3,92938WAD5
BCECN 4.55 02/09/30,BNS 3.836 09/26/30,13.632739790000002,14.089543731945948,-0.456803941945946,-0.29852342280703337,38.648648648648646,07813ZCL6,06418MM43
PPLCN 3.53 12/10/31,GILCN 4.149 11/22/30,-11.162623339999996,-10.541659085729728,-0.6209642542702678,-0.30138100160005765,39.729729729729726,70632ZAS0,375916AE3
PLD 5  01/15/31,RY 4.642 01/17/28,28.609822579999992,30.22911287281081,-1.6192902928108168,-0.3086743774081514,40.81081081081081,74340XCD1,780086WG5
RY 4.642 01/17/28,HYDONE 4  01/04/35,-30.726299059999995,-29.502628682918925,-1.2236703770810706,-0.32806250362874023,33.78378378378378,780086WG5,44810ZCS7
DOLCN 5.165 04/26/30,WSPCN 4.754 09/12/34,-46.813348669999996,-45.77098131940541,-1.0423673505945885,-0.35832014563919434,28.91891891891892,25675TAP2,92938WAD5
CCDJ 3.804 09/24/29,NACN 5.023 02/01/29,4.622524650000003,5.040378179783784,-0.4178535297837813,-0.3808891655829892,27.297297297297295,31430W3J1,63306AHT6
BNS 3.836 09/26/30,BIP 5.71 07/27/30,-23.821339429999995,-22.961866163567567,-0.8594732664324276,-0.4030058732403387,32.7027027027027,06418MM43,11291ZAM9
PLD 5  01/15/31,HYDONE 4  01/04/35,-2.116476480000003,0.7264841898918917,-2.8429606698918946,-0.4153637262223886,49.45945945945946,74340XCD1,44810ZCS7
DOLCN 5.165 04/26/30,HYDONE 4  01/04/35,-9.243989959999993,-6.678080250918919,-2.5659097090810743,-0.42155594586690087,40.27027027027027,25675TAP2,44810ZCS7
BNS 3.836 09/26/30,SLFCN 5  07/04/35,-19.328230840000003,-18.456202710756756,-0.8720281292432475,-0.42394611509969166,38.108108108108105,06418MM43,86682ZAT3
TCN 5  09/08/33,TD 4.002 10/31/30,46.65427133,47.46341119524324,-0.8091398652432389,-0.4264462322397663,34.32432432432432,87971MCC5,89116CST5
RY 3.626 12/10/28,WSPCN 4.754 09/12/34,-63.52769002,-60.96668083902703,-2.561009180972974,-0.42897504179214324,25.675675675675674,779926FY5,92938WAD5
TD 5.491 09/08/28,SLFCN 5  07/04/35,-31.217631530000006,-30.375016810864864,-0.8426147191351419,-0.4300520823294288,37.027027027027025,89117GX51,86682ZAT3
TCN 5  09/08/33,BNS 3.836 09/26/30,47.07772521,47.9842028654054,-0.9064776554054035,-0.4403209353309141,31.62162162162162,87971MCC5,06418MM43
CM 4.9 06/12/34,TCN 5  09/08/33,-16.583159019999997,-14.99234687372973,-1.5908121462702667,-0.4513783303049111,47.83783783783784,13607PBA1,87971MCC5
TD 5.491 09/08/28,RY 3.626 12/10/28,0.2382056100000014,1.4778783872972978,-1.2396727772972964,-0.4519302111096775,44.054054054054056,89117GX51,779926FY5
TCN 5  09/08/33,TD 5.491 09/08/28,58.9671259,59.90301696551352,-0.9358910655135233,-0.4531554449488602,40.81081081081081,87971MCC5,89117GX51
BIP 5.71 07/27/30,PLD 5  01/15/31,12.107090900000003,13.75829469054054,-1.6512037905405368,-0.45832739555474766,40.81081081081081,11291ZAM9,74340XCD1
TD 4.002 10/31/30,BIP 5.71 07/27/30,-23.397885549999998,-22.441074493405406,-0.9568110565945922,-0.4753776300435267,33.78378378378378,89116CST5,11291ZAM9
BNS 4.68 02/01/29,NACN 5.023 02/01/29,-0.33370225000000175,-0.057073697297297096,-0.27662855270270464,-0.4793938888446692,31.08108108108108,064164QM1,63306AHT6
SLFCN 5  07/04/35,PLD 5  01/15/31,7.6139823100000115,9.25263123772973,-1.6386489277297187,-0.48031219246332285,31.62162162162162,86682ZAT3,74340XCD1
RY 3.626 12/10/28,RCICN 3  04/15/29,-24.407385240000004,-23.2128876372973,-1.1944976027027039,-0.48496514275272123,39.729729729729726,779926FY5,775109BT7
TD 5.491 09/08/28,BIP 5.71 07/27/30,-35.71074012,-34.88068026367567,-0.8300598563243256,-0.48737384935314665,31.08108108108108,89117GX51,11291ZAM9
PPLCN 3.53 12/10/31,RY 4.829 08/08/34,-4.297681470000001,-3.0688709220000003,-1.2288105480000002,-0.49232455940827885,39.189189189189186,70632ZAS0,7800867G3
TD 4.002 10/31/30,RY 3.626 12/10/28,12.55106018,13.917484157567568,-1.3664239775675675,-0.5049139512118419,44.054054054054056,89116CST5,779926FY5
CM 4.9 06/12/34,CCDJ 3.804 09/24/29,36.47877863,37.53320213389189,-1.0544235038918899,-0.5058248993218791,34.32432432432432,13607PBA1,31430W3J1
CM 4.9 06/12/34,BNS 4.68 02/01/29,41.435005530000005,42.630654010972975,-1.1956484809729702,-0.5154193903831216,44.054054054054056,13607PBA1,064164QM1
BCECN 4.55 02/09/30,BIP 5.71 07/27/30,-10.188599639999993,-8.872322431621622,-1.31627720837837,-0.5214987925964483,29.45945945945946,07813ZCL6,11291ZAM9
TD 4.002 10/31/30,SLFCN 5  07/04/35,-18.904776960000007,-17.935411040594595,-0.9693659194054121,-0.5363840016241177,28.91891891891892,89116CST5,86682ZAT3
BNS 3.836 09/26/30,RY 3.626 12/10/28,12.127606300000004,13.396692487405407,-1.269086187405403,-0.5393559167425925,33.24324324324324,06418MM43,779926FY5
CM 4.9 06/12/34,BNS 3.734 06/27/31,24.443025610000007,25.809607573027026,-1.36658196302702,-0.5455917574695496,35.4054054054054,13607PBA1,06418YXB9
BIP 5.71 07/27/30,RY 4.632 05/01/28,38.71583455,40.27573362675676,-1.5598990767567642,-0.5806556086366824,32.7027027027027,11291ZAM9,780086XL3
BNS 3.836 09/26/30,PLD 5  01/15/31,-11.714248529999992,-9.203571473027026,-2.510677056972966,-0.5870531323863657,36.486486486486484,06418MM43,74340XCD1
BIP 5.71 07/27/30,DOLCN 5.165 04/26/30,19.234604379999993,21.162859131351354,-1.9282547513513606,-0.5944595429146079,28.91891891891892,11291ZAM9,25675TAP2
RY 4.632 05/01/28,HYDONE 4  01/04/35,-28.725220129999997,-25.790954746324328,-2.934265383675669,-0.5982916142223154,32.16216216216216,780086XL3,44810ZCS7
BCECN 4.55 02/09/30,SLFCN 5  07/04/35,-5.695491050000001,-4.366658978810809,-1.3288320711891917,-0.5996593746819843,31.08108108108108,07813ZCL6,86682ZAT3
BIP 5.71 07/27/30,RCICN 3  04/15/29,11.541560489999995,13.145671013675678,-1.6041105236756827,-0.6151997180699398,25.675675675675674,11291ZAM9,775109BT7
PLD 5  01/15/31,WSPCN 4.754 09/12/34,-39.685835190000006,-38.36641687859459,-1.319418311405414,-0.6233947978885302,26.216216216216214,74340XCD1,92938WAD5
TD 5.491 09/08/28,PLD 5  01/15/31,-23.603649219999994,-21.122385573135134,-2.4812636468648606,-0.636886290538651,26.756756756756754,89117GX51,74340XCD1
SLFCN 5  07/04/35,DOLCN 5.165 04/26/30,14.741495790000002,16.657195678540543,-1.9156998885405407,-0.6532793202983642,25.135135135135133,86682ZAT3,25675TAP2
SLFCN 5  07/04/35,RY 4.632 05/01/28,34.222725960000005,35.77007017394595,-1.547344213945948,-0.6613764923110903,21.35135135135135,86682ZAT3,780086XL3
CM 4.9 06/12/34,NACN 5.023 02/01/29,41.10130328,42.57358031367568,-1.4722770336756739,-0.6633030350077643,33.78378378378378,13607PBA1,63306AHT6
BCECN 4.55 02/09/30,RY 3.626 12/10/28,25.760346090000006,27.486236219351348,-1.7258901293513418,-0.6677482838182358,32.7027027027027,07813ZCL6,779926FY5
TCN 5  09/08/33,RY 3.626 12/10/28,59.20533151,61.38089535281081,-2.17556384281081,-0.6747204389475241,26.216216216216214,87971MCC5,779926FY5
PPLCN 3.53 12/10/31,RLNCE 5  05/15/31,-21.87847556,-20.308611104810808,-1.5698644551891903,-0.6751352680451826,35.945945945945944,70632ZAS0,759480AN6
TD 4.002 10/31/30,PLD 5  01/15/31,-11.290794649999995,-8.682779802864864,-2.6080148471351308,-0.6752732761762192,28.91891891891892,89116CST5,74340XCD1
SLFCN 5  07/04/35,RCICN 3  04/15/29,7.048451900000003,8.640007560864866,-1.5915556608648629,-0.68197138106119,24.054054054054056,86682ZAT3,775109BT7
BNS 3.836 09/26/30,DOLCN 5.165 04/26/30,-4.5867350500000015,-1.7990070322162148,-2.7877280177837864,-0.7117926459754104,24.054054054054056,06418MM43,25675TAP2
TCN 5  09/08/33,BIP 5.71 07/27/30,23.256385780000002,25.02233670183784,-1.7659509218378382,-0.719011185314832,24.054054054054056,87971MCC5,11291ZAM9
BIP 5.71 07/27/30,HYDONE 4  01/04/35,9.99061442,14.484778880432431,-4.494164460432431,-0.719923359805554,29.45945945945946,11291ZAM9,44810ZCS7
BCECN 4.55 02/09/30,PLD 5  01/15/31,1.9184912600000104,4.885972258918919,-2.9674809989189086,-0.7301220629936249,24.594594594594597,07813ZCL6,74340XCD1
TCN 5  09/08/33,SLFCN 5  07/04/35,27.749494369999994,29.528000154648648,-1.7785057846486545,-0.7381194629775024,18.64864864864865,87971MCC5,86682ZAT3
TD 5.491 09/08/28,DOLCN 5.165 04/26/30,-16.476135740000004,-13.717821132324325,-2.758314607675679,-0.743667781202066,19.18918918918919,89117GX51,25675TAP2
CM 4.9 06/12/34,RY 3.626 12/10/28,42.622172490000004,46.38854847908108,-3.7663759890810766,-0.7546877029802173,27.297297297297295,13607PBA1,779926FY5
CCDJ 3.804 09/24/29,RY 3.626 12/10/28,6.143393860000003,8.85534634518919,-2.7119524851891867,-0.7648006820127392,23.513513513513516,31430W3J1,779926FY5
BNS 3.734 06/27/31,TD 5.491 09/08/28,17.940941269999996,19.101062518756756,-1.1601212487567594,-0.7791088639660554,19.72972972972973,06418YXB9,89117GX51
TD 4.002 10/31/30,DOLCN 5.165 04/26/30,-4.163281170000005,-1.2782153620540537,-2.885065807945951,-0.779711370091766,20.81081081081081,89116CST5,25675TAP2
BNS 3.734 06/27/31,RY 3.626 12/10/28,18.179146879999998,20.578940906054054,-2.3997940260540567,-0.782936930607104,22.432432432432435,06418YXB9,779926FY5
BNS 4.68 02/01/29,RY 3.626 12/10/28,1.187166959999999,3.7578944681081086,-2.5707275081081096,-0.7869255416396875,18.64864864864865,064164QM1,779926FY5
BCECN 4.55 02/09/30,DOLCN 5.165 04/26/30,9.04600474,12.29053669972973,-3.244531959729729,-0.7916706734274958,23.513513513513516,07813ZCL6,25675TAP2
RY 4.829 08/08/34,TCN 5  09/08/33,-18.812010009999995,-16.394758529135135,-2.4172514808648593,-0.7991049201433785,28.37837837837838,7800867G3,87971MCC5
BNS 3.734 06/27/31,TD 4.002 10/31/30,5.628086699999997,6.661456748486486,-1.0333700484864892,-0.8018415108979536,22.972972972972975,06418YXB9,89116CST5
RY 3.626 12/10/28,RY 4.632 05/01/28,2.7668888199999984,3.917174975783784,-1.1502861557837858,-0.8102821705319728,21.35135135135135,779926FY5,780086XL3
SLFCN 5  07/04/35,HYDONE 4  01/04/35,5.497505830000009,9.979115427621622,-4.481609597621613,-0.8229191571446783,28.91891891891892,86682ZAT3,44810ZCS7
SLFCN 5  07/04/35,WSPCN 4.754 09/12/34,-32.071852879999994,-29.113785640864865,-2.9580672391351293,-0.8279650499064062,26.756756756756754,86682ZAT3,92938WAD5
BNS 3.734 06/27/31,PLD 5  01/15/31,-5.662707949999998,-2.021323054378379,-3.641384895621619,-0.8314520307338206,20.81081081081081,06418YXB9,74340XCD1
BNS 3.734 06/27/31,BIP 5.71 07/27/30,-17.76979885,-15.779617744918918,-1.9901811050810831,-0.837977814033562,21.35135135135135,06418YXB9,11291ZAM9
PPLCN 3.53 12/10/31,TCN 5  09/08/33,-23.109691479999995,-19.463629451135137,-3.6460620288648578,-0.8389062954702899,26.216216216216214,70632ZAS0,87971MCC5
CM 4.9 06/12/34,BNS 3.836 09/26/30,30.49456619,32.99185599167568,-2.4972898016756773,-0.8394549440669523,18.10810810810811,13607PBA1,06418MM43
BNS 3.734 06/27/31,BNS 3.836 09/26/30,6.051540579999994,7.182248418648647,-1.1307078386486529,-0.8618019760641576,17.027027027027028,06418YXB9,06418MM43
CCDJ 3.804 09/24/29,BNS 3.836 09/26/30,-5.98421244,-4.541346142216217,-1.442866297783783,-0.8619855217457072,16.486486486486488,31430W3J1,06418MM43
BIP 5.71 07/27/30,WSPCN 4.754 09/12/34,-27.578744290000003,-24.60812218805405,-2.9706221019459527,-0.8742709682400538,17.027027027027028,11291ZAM9,92938WAD5
BNS 3.836 09/26/30,WSPCN 4.754 09/12/34,-51.40008372,-47.56998835162162,-3.8300953683783803,-0.8924487585902642,15.945945945945947,06418MM43,92938WAD5
BIP 5.71 07/27/30,RY 4.642 01/17/28,40.716913479999995,43.987407563351354,-3.270494083351359,-0.9021267283212484,12.702702702702704,11291ZAM9,780086WG5
TD 5.491 09/08/28,HYDONE 4  01/04/35,-25.720125699999997,-20.395901383243242,-5.324224316756755,-0.9022567825183596,31.62162162162162,89117GX51,44810ZCS7
CCDJ 3.804 09/24/29,TD 4.002 10/31/30,-6.407666319999997,-5.062137812378379,-1.3455285076216184,-0.9043496820888423,15.945945945945947,31430W3J1,89116CST5
RY 3.626 12/10/28,HYDONE 4  01/04/35,-25.95833131,-21.87377977054054,-4.084551539459458,-0.9076298128030821,27.297297297297295,779926FY5,44810ZCS7
CCDJ 3.804 09/24/29,SLFCN 5  07/04/35,-25.312443280000004,-22.997548852972976,-2.3148944270270277,-0.9121625768148478,20.81081081081081,31430W3J1,86682ZAT3
BNS 3.734 06/27/31,SLFCN 5  07/04/35,-13.27669026000001,-11.273954292108112,-2.0027359678918977,-0.912541167171723,22.972972972972975,06418YXB9,86682ZAT3
PPLCN 3.53 12/10/31,BNS 3.734 06/27/31,17.916493150000008,21.338324995621626,-3.421831845621618,-0.9154516104064393,13.243243243243244,70632ZAS0,06418YXB9
CM 4.9 06/12/34,TD 5.491 09/08/28,42.38396688,44.910670091783786,-2.526703211783783,-0.9159906554120371,22.972972972972975,13607PBA1,89117GX51
CM 4.9 06/12/34,TD 4.002 10/31/30,30.071112310000004,32.47106432151351,-2.3999520115135056,-0.9216440150107403,16.486486486486488,13607PBA1,89116CST5
BNS 4.68 02/01/29,SLFCN 5  07/04/35,-30.268670180000008,-28.095000730054057,-2.173669449945951,-0.9222904434121947,21.35135135135135,064164QM1,86682ZAT3
TD 4.002 10/31/30,HYDONE 4  01/04/35,-13.407271129999998,-7.956295612972974,-5.450975517027024,-0.9269124915085744,28.91891891891892,89116CST5,44810ZCS7
PPLCN 3.53 12/10/31,RY 3.626 12/10/28,36.095640030000006,41.91726590167568,-5.821625871675671,-0.9303386942915496,19.72972972972973,70632ZAS0,779926FY5
BNS 3.836 09/26/30,HYDONE 4  01/04/35,-13.830725009999995,-8.477087283135134,-5.353637726864861,-0.9309590086239459,28.91891891891892,06418MM43,44810ZCS7
BNS 4.68 02/01/29,BNS 3.836 09/26/30,-10.940439340000005,-9.638798019297298,-1.301641320702707,-0.9312619030444841,14.864864864864865,064164QM1,06418MM43
PPLCN 3.53 12/10/31,BNS 4.68 02/01/29,34.90847307000001,38.15937143356757,-3.250898363567565,-0.9444295622957566,15.405405405405407,70632ZAS0,064164QM1
BNS 3.734 06/27/31,DOLCN 5.165 04/26/30,1.4648055299999925,5.383241386432432,-3.9184358564324393,-0.9707943266984793,21.891891891891895,06418YXB9,25675TAP2
CM 4.9 06/12/34,HYDONE 4  01/04/35,16.663841180000006,24.51476870854054,-7.850927528540534,-0.9730800596720789,28.37837837837838,13607PBA1,44810ZCS7
BNS 4.68 02/01/29,BIP 5.71 07/27/30,-34.76177877,-32.60066418286486,-2.1611145871351383,-0.9750534700723777,17.027027027027028,064164QM1,11291ZAM9
BCECN 4.55 02/09/30,WSPCN 4.754 09/12/34,-37.767343929999996,-33.48044461967567,-4.286899310324323,-0.9789408012209041,19.18918918918919,07813ZCL6,92938WAD5
CCDJ 3.804 09/24/29,HYDONE 4  01/04/35,-19.814937449999995,-13.01843342535135,-6.796504024648645,-0.9797787139717526,28.37837837837838,31430W3J1,44810ZCS7
BNS 4.68 02/01/29,PLD 5  01/15/31,-22.654687869999997,-18.842369492324327,-3.8123183776756697,-0.983730661790862,13.243243243243244,064164QM1,74340XCD1
CCDJ 3.804 09/24/29,PLD 5  01/15/31,-17.698460969999992,-13.744917615243242,-3.95354335475675,-0.9853884860653883,15.405405405405407,31430W3J1,74340XCD1
TCN 5  09/08/33,PLD 5  01/15/31,35.363476680000005,38.78063139237838,-3.4171547123783768,-0.9866471432898802,19.18918918918919,87971MCC5,74340XCD1
TD 5.491 09/08/28,WSPCN 4.754 09/12/34,-63.28948441,-59.488802451729725,-3.8006819582702747,-0.9949710267725022,13.783783783783784,89117GX51,92938WAD5
BNS 4.68 02/01/29,TD 4.002 10/31/30,-11.363893220000001,-10.159589689459459,-1.2043035305405425,-0.995994016062888,13.243243243243244,064164QM1,89116CST5
BNS 4.68 02/01/29,TD 5.491 09/08/28,0.9489613499999976,2.2800160808108108,-1.3310547308108132,-0.9995056340633096,18.10810810810811,064164QM1,89117GX51
PPLCN 3.53 12/10/31,CCDJ 3.804 09/24/29,29.952246170000002,33.06191955648649,-3.1096733864864845,-1.0030338709727649,13.783783783783784,70632ZAS0,31430W3J1
BNS 3.734 06/27/31,HYDONE 4  01/04/35,-7.779184430000001,-1.2948388644864874,-6.484345565513514,-1.0072141717333527,28.37837837837838,06418YXB9,44810ZCS7
TD 4.002 10/31/30,WSPCN 4.754 09/12/34,-50.97662984,-47.04919668145946,-3.9274331585405378,-1.0119834613870393,16.486486486486488,89116CST5,92938WAD5
RY 4.632 05/01/28,RY 4.642 01/17/28,2.0010789299999985,3.711673936594595,-1.7105950065945965,-1.0308919984003329,12.702702702702704,780086XL3,780086WG5
PPLCN 3.53 12/10/31,NACN 5.023 02/01/29,34.574770820000005,38.10229773627027,-3.5275269162702685,-1.0368251027939084,12.162162162162163,70632ZAS0,63306AHT6
BNS 4.68 02/01/29,HYDONE 4  01/04/35,-24.77116435,-18.115885302432435,-6.655279047567564,-1.037119181709609,28.37837837837838,064164QM1,44810ZCS7
CCDJ 3.804 09/24/29,DOLCN 5.165 04/26/30,-10.570947490000002,-6.340353174432432,-4.230594315567569,-1.0493974128601091,18.10810810810811,31430W3J1,25675TAP2
TCN 5  09/08/33,DOLCN 5.165 04/26/30,42.490990159999996,46.18519583318919,-3.6942056731891952,-1.0499432149058399,13.243243243243244,87971MCC5,25675TAP2
CCDJ 3.804 09/24/29,TD 5.491 09/08/28,5.905188250000002,7.377467957891891,-1.4722797078918894,-1.0500733706792316,17.027027027027028,31430W3J1,89117GX51
CM 4.9 06/12/34,SLFCN 5  07/04/35,11.166335349999997,14.535653280918917,-3.3693179309189194,-1.054564541328212,18.64864864864865,13607PBA1,86682ZAT3
BCECN 4.55 02/09/30,HYDONE 4  01/04/35,-0.19798521999999252,5.6124564488108115,-5.810441668810804,-1.0563799106455884,24.054054054054056,07813ZCL6,44810ZCS7
RY 4.829 08/08/34,RY 3.626 12/10/28,40.393321500000006,44.98613682367568,-4.592815323675673,-1.058287553933345,10.54054054054054,7800867G3,779926FY5
CM 4.9 06/12/34,BIP 5.71 07/27/30,6.673226760000006,10.029989828108107,-3.3567630681081013,-1.0761847024904836,13.243243243243244,13607PBA1,11291ZAM9
PPLCN 3.53 12/10/31,BNS 3.836 09/26/30,23.968033730000002,28.520573414270277,-4.552539684270275,-1.077526208480344,6.756756756756757,70632ZAS0,06418MM43
BNS 4.68 02/01/29,DOLCN 5.165 04/26/30,-15.527174390000006,-11.437805051513513,-4.0893693384864935,-1.0811264823390796,17.56756756756757,064164QM1,25675TAP2
PPLCN 3.53 12/10/31,HYDONE 4  01/04/35,10.137308720000007,20.043486131135133,-9.906177411135126,-1.0825438596778951,22.972972972972975,70632ZAS0,44810ZCS7
SLFCN 5  07/04/35,RY 4.642 01/17/28,36.223804890000004,39.481744110540546,-3.2579392205405426,-1.084620745331369,8.378378378378379,86682ZAT3,780086WG5
TD 5.491 09/08/28,RCICN 3  04/15/29,-24.169179630000002,-21.73500925,-2.434170380000001,-1.1312236695836304,17.027027027027028,89117GX51,775109BT7
RY 4.829 08/08/34,HYDONE 4  01/04/35,14.434990190000008,23.11235705313513,-8.677366863135124,-1.131257605384977,27.837837837837835,7800867G3,44810ZCS7
PPLCN 3.53 12/10/31,TD 4.002 10/31/30,23.544579850000005,27.999781744108112,-4.455201894108107,-1.145585599573574,12.162162162162163,70632ZAS0,89116CST5
CCDJ 3.804 09/24/29,BIP 5.71 07/27/30,-29.805551869999995,-27.503212305783784,-2.3023395642162114,-1.1461881519800574,17.027027027027028,31430W3J1,11291ZAM9
PPLCN 3.53 12/10/31,TD 5.491 09/08/28,35.857434420000004,40.43938751437838,-4.5819530943783775,-1.159244530849014,14.864864864864865,70632ZAS0,89117GX51
BNS 3.734 06/27/31,WSPCN 4.754 09/12/34,-45.348543140000004,-40.38773993297297,-4.960803207027034,-1.1615830148333621,17.027027027027028,06418YXB9,92938WAD5
RY 4.829 08/08/34,BNS 3.734 06/27/31,22.21417462000001,24.40719591762162,-2.1930212976216126,-1.1903238731413726,11.621621621621623,7800867G3,06418YXB9
RY 4.829 08/08/34,BNS 4.68 02/01/29,39.20615454000001,41.228242355567566,-2.0220878155675592,-1.1957965979262797,6.756756756756757,7800867G3,064164QM1
TCN 5  09/08/33,HYDONE 4  01/04/35,33.2470002,39.507115582270266,-6.260115382270264,-1.2052099138378987,18.10810810810811,87971MCC5,44810ZCS7
RY 4.829 08/08/34,CCDJ 3.804 09/24/29,34.24992764,36.13079047848649,-1.880862838486486,-1.2122654998473712,11.081081081081082,7800867G3,31430W3J1
CM 4.9 06/12/34,DOLCN 5.165 04/26/30,25.90783114,31.19284895945946,-5.285017819459462,-1.227870856326069,8.91891891891892,13607PBA1,25675TAP2
CM 4.9 06/12/34,RY 4.632 05/01/28,45.38906131,50.30572345486486,-4.916662144864858,-1.2357612846846873,3.5135135135135136,13607PBA1,780086XL3
CM 4.9 06/12/34,RY 4.642 01/17/28,47.39014024,54.01739739145946,-6.62725715145946,-1.2507159711094622,5.675675675675676,13607PBA1,780086WG5
TCN 5  09/08/33,WSPCN 4.754 09/12/34,-4.322358510000001,0.4142145137837852,-4.736573023783786,-1.2549130208519077,12.702702702702704,87971MCC5,92938WAD5
PPLCN 3.53 12/10/31,SLFCN 5  07/04/35,4.639802889999999,10.064370703513513,-5.424567813513514,-1.275189826105626,14.864864864864865,70632ZAS0,86682ZAT3
CM 4.9 06/12/34,RCICN 3  04/15/29,18.21478725,23.17566084178378,-4.9608735917837805,-1.291167523604921,7.297297297297297,13607PBA1,775109BT7
BNS 3.836 09/26/30,RCICN 3  04/15/29,-12.27977894,-9.81619514989189,-2.4635837901081103,-1.3093161061456673,14.324324324324325,06418MM43,775109BT7
TD 4.002 10/31/30,RCICN 3  04/15/29,-11.856325060000003,-9.29540347972973,-2.560921580270273,-1.3098495959727627,13.243243243243244,89116CST5,775109BT7
PPLCN 3.53 12/10/31,RY 4.642 01/17/28,40.86360778,49.54611481405406,-8.682507034054055,-1.329087334999391,4.054054054054054,70632ZAS0,780086WG5
PPLCN 3.53 12/10/31,RY 4.632 05/01/28,38.862528850000004,45.83444087745946,-6.971912027459453,-1.332483456188679,2.4324324324324325,70632ZAS0,780086XL3
RY 4.829 08/08/34,DOLCN 5.165 04/26/30,23.67898015,29.790437304054056,-6.1114571540540545,-1.3455008148574195,11.621621621621623,7800867G3,25675TAP2
BNS 4.68 02/01/29,WSPCN 4.754 09/12/34,-62.34052306,-57.20878637091892,-5.13173668908108,-1.3463493902463184,12.702702702702704,064164QM1,92938WAD5
CM 4.9 06/12/34,PLD 5  01/15/31,18.78031766000001,23.788284518648652,-5.007966858648643,-1.3671609349744305,11.081081081081082,13607PBA1,74340XCD1
TD 5.491 09/08/28,RY 4.642 01/17/28,5.006173359999998,9.106727299675677,-4.100553939675679,-1.3757137572792824,4.594594594594595,89117GX51,780086WG5
RY 4.829 08/08/34,SLFCN 5  07/04/35,8.93748436,13.133241625513513,-4.195757265513514,-1.3810401697556864,9.45945945945946,7800867G3,86682ZAT3
CCDJ 3.804 09/24/29,WSPCN 4.754 09/12/34,-57.38429616,-52.111334493837845,-5.2729616661621534,-1.3910780462618983,8.91891891891892,31430W3J1,92938WAD5
RY 4.829 08/08/34,NACN 5.023 02/01/29,38.872452290000005,41.17116865827027,-2.298716368270263,-1.3956435336410111,5.135135135135135,7800867G3,63306AHT6
TD 4.002 10/31/30,RY 4.632 05/01/28,15.317948999999999,17.83465913335135,-2.516710133351353,-1.4064299637521391,4.054054054054054,89116CST5,780086XL3
TCN 5  09/08/33,RY 4.632 05/01/28,61.97222033,65.29807032859459,-3.3258499985945917,-1.4091561756920752,7.837837837837839,87971MCC5,780086XL3
TD 4.002 10/31/30,RY 4.642 01/17/28,17.319027929999997,21.546333069945945,-4.227305139945948,-1.4112152164933518,8.378378378378379,89116CST5,780086WG5
TD 5.491 09/08/28,RY 4.632 05/01/28,3.0050944299999998,5.3950533630810815,-2.3899589330810818,-1.412290113010459,1.891891891891892,89117GX51,780086XL3
PPLCN 3.53 12/10/31,RCICN 3  04/15/29,11.688254790000002,18.70437826437838,-7.016123474378379,-1.4153983385152533,3.5135135135135136,70632ZAS0,775109BT7
RY 4.829 08/08/34,PLD 5  01/15/31,16.55146667000001,22.385872863243247,-5.834406193243236,-1.4262737042682245,8.378378378378379,7800867G3,74340XCD1
CCDJ 3.804 09/24/29,RY 4.642 01/17/28,10.91136161,16.484195257567567,-5.572833647567567,-1.430063563801328,6.756756756756757,31430W3J1,780086WG5
RY 4.829 08/08/34,BNS 3.836 09/26/30,28.265715200000002,31.589444336270272,-3.32372913627027,-1.437138285654252,5.675675675675676,7800867G3,06418MM43
PPLCN 3.53 12/10/31,BIP 5.71 07/27/30,0.14669430000000716,5.558707250702703,-5.412012950702696,-1.447763470292133,7.837837837837839,70632ZAS0,11291ZAM9
CCDJ 3.804 09/24/29,RCICN 3  04/15/29,-18.26399138,-14.357541292108111,-3.906450087891889,-1.461446600050793,8.91891891891892,31430W3J1,775109BT7
RY 4.829 08/08/34,TD 5.491 09/08/28,40.155115890000005,43.50825843637838,-3.353142546378372,-1.4859356725573403,9.45945945945946,7800867G3,89117GX51
BNS 3.836 09/26/30,RY 4.632 05/01/28,14.894495120000002,17.31386746318919,-2.4193723431891883,-1.4873735198292755,5.135135135135135,06418MM43,780086XL3
RY 4.829 08/08/34,BIP 5.71 07/27/30,4.444375770000008,8.627578172702703,-4.183202402702696,-1.5031380489842496,10.0,7800867G3,11291ZAM9
BNS 3.734 06/27/31,RY 4.642 01/17/28,22.947114629999994,28.207789818432435,-5.26067518843244,-1.5035333818111087,8.91891891891892,06418YXB9,780086WG5
BCECN 4.55 02/09/30,RY 4.632 05/01/28,28.527234910000004,31.40341119513514,-2.8761762851351342,-1.5038945644258472,4.054054054054054,07813ZCL6,780086XL3
BNS 3.836 09/26/30,RY 4.642 01/17/28,16.89557405,21.02554139978379,-4.12996734978379,-1.5049191602259633,4.594594594594595,06418MM43,780086WG5
BNS 4.68 02/01/29,RY 4.642 01/17/28,5.955134709999996,11.386743380486486,-5.43160867048649,-1.5218702381386118,7.297297297297297,064164QM1,780086WG5
PPLCN 3.53 12/10/31,DOLCN 5.165 04/26/30,19.38129868,26.721566382054053,-7.340267702054053,-1.5248312056757143,5.135135135135135,70632ZAS0,25675TAP2
BNS 3.734 06/27/31,RY 4.632 05/01/28,20.946035699999996,24.496115881837834,-3.5500801818378385,-1.5308643701262252,9.45945945945946,06418YXB9,780086XL3
CCDJ 3.804 09/24/29,RY 4.632 05/01/28,8.910282680000002,12.772521320972974,-3.862238640972972,-1.5315093662561639,2.9729729729729732,31430W3J1,780086XL3
RY 4.829 08/08/34,RY 4.642 01/17/28,45.16128925,52.61498573605405,-7.453696486054049,-1.5545364450299348,7.297297297297297,7800867G3,780086WG5
RY 4.829 08/08/34,TD 4.002 10/31/30,27.842261320000006,31.06865266610811,-3.2263913461081053,-1.5545420518621065,5.675675675675676,7800867G3,89116CST5
BNS 4.68 02/01/29,RCICN 3  04/15/29,-23.220218280000005,-19.45499316918919,-3.765225110810814,-1.5644985152227813,5.675675675675676,064164QM1,775109BT7
BNS 3.734 06/27/31,RCICN 3  04/15/29,-6.228238360000006,-2.633946731243243,-3.594291628756763,-1.5645097129744772,5.675675675675676,06418YXB9,775109BT7
TCN 5  09/08/33,RY 4.642 01/17/28,63.97329926,69.00974426518918,-5.0364450051891865,-1.5968032181626504,0.8108108108108109,87971MCC5,780086WG5
BCECN 4.55 02/09/30,RY 4.642 01/17/28,30.528313840000003,35.11508513172973,-4.586771291729725,-1.6005406712243044,6.756756756756757,07813ZCL6,780086WG5
BNS 4.68 02/01/29,RY 4.632 05/01/28,3.9540557799999974,7.675069443891892,-3.7210136638918945,-1.6210659988315608,5.135135135135135,064164QM1,780086XL3
RY 4.829 08/08/34,RY 4.632 05/01/28,43.160210320000004,48.90331179945947,-5.743101479459469,-1.6746357569464423,2.9729729729729732,7800867G3,780086XL3
PPLCN 3.53 12/10/31,PLD 5  01/15/31,12.25378520000001,19.31700194124324,-7.063216741243231,-1.728601051641027,9.45945945945946,70632ZAS0,74340XCD1
RY 4.829 08/08/34,RCICN 3  04/15/29,15.985936260000003,21.77324918637838,-5.787312926378377,-1.757287075581962,1.891891891891892,7800867G3,775109BT7
RY 4.829 08/08/34,WSPCN 4.754 09/12/34,-23.134368519999995,-15.98054401535135,-7.153824504648645,-1.8357133599558966,3.5135135135135136,7800867G3,92938WAD5
CM 4.9 06/12/34,WSPCN 4.754 09/12/34,-20.905517529999997,-14.578132359945945,-6.327385170054052,-1.9196475832786783,1.891891891891892,13607PBA1,92938WAD5
TCN 5  09/08/33,RCICN 3  04/15/29,34.79794627,38.16800771551351,-3.370061445513514,-2.0052131053630067,2.9729729729729732,87971MCC5,775109BT7
BCECN 4.55 02/09/30,RCICN 3  04/15/29,1.3529608500000023,4.273348582054056,-2.9203877320540537,-2.0836489362836064,2.9729729729729732,07813ZCL6,775109BT7
RY 3.626 12/10/28,RY 4.642 01/17/28,4.767967749999997,7.62884891237838,-2.8608811623783827,-2.1385100659015945,1.891891891891892,779926FY5,780086WG5
PPLCN 3.53 12/10/31,WSPCN 4.754 09/12/34,-27.432049989999996,-19.04941493735135,-8.382635052648645,-2.3933393635072298,0.8108108108108109,70632ZAS0,92938WAD5
BNS 4.68 02/01/29,BNS 4.68 02/01/29,0.0,0.0,0.0,,50.27027027027027,064164QM1,064164QM1
BNS 3.836 09/26/30,BNS 3.836 09/26/30,0.0,0.0,0.0,,50.27027027027027,06418MM43,06418MM43
BNS 3.734 06/27/31,BNS 3.734 06/27/31,0.0,0.0,0.0,,50.27027027027027,06418YXB9,06418YXB9
BIP 5.71 07/27/30,BIP 5.71 07/27/30,0.0,0.0,0.0,,50.27027027027027,11291ZAM9,11291ZAM9
DOLCN 5.165 04/26/30,DOLCN 5.165 04/26/30,0.0,0.0,0.0,,50.27027027027027,25675TAP2,25675TAP2
CCDJ 3.804 09/24/29,CCDJ 3.804 09/24/29,0.0,0.0,0.0,,50.27027027027027,31430W3J1,31430W3J1
HYDONE 4  01/04/35,HYDONE 4  01/04/35,0.0,0.0,0.0,,50.27027027027027,44810ZCS7,44810ZCS7
PPLCN 3.53 12/10/31,PPLCN 3.53 12/10/31,0.0,0.0,0.0,,50.27027027027027,70632ZAS0,70632ZAS0
PLD 5  01/15/31,PLD 5  01/15/31,0.0,0.0,0.0,,50.27027027027027,74340XCD1,74340XCD1
RY 3.626 12/10/28,RY 3.626 12/10/28,0.0,0.0,0.0,,50.27027027027027,779926FY5,779926FY5
RY 4.829 08/08/34,RY 4.829 08/08/34,0.0,0.0,0.0,,50.27027027027027,7800867G3,7800867G3
RY 4.642 01/17/28,RY 4.642 01/17/28,0.0,0.0,0.0,,50.27027027027027,780086WG5,780086WG5
RY 4.632 05/01/28,RY 4.632 05/01/28,0.0,0.0,0.0,,50.27027027027027,780086XL3,780086XL3
SLFCN 5  07/04/35,SLFCN 5  07/04/35,0.0,0.0,0.0,,50.27027027027027,86682ZAT3,86682ZAT3
TCN 5  09/08/33,TCN 5  09/08/33,0.0,0.0,0.0,,50.27027027027027,87971MCC5,87971MCC5
TD 4.002 10/31/30,TD 4.002 10/31/30,0.0,0.0,0.0,,50.27027027027027,89116CST5,89116CST5
TD 5.491 09/08/28,TD 5.491 09/08/28,0.0,0.0,0.0,,50.27027027027027,89117GX51,89117GX51
WSPCN 4.754 09/12/34,WSPCN 4.754 09/12/34,0.0,0.0,0.0,,50.27027027027027,92938WAD5,92938WAD5
